Titel,URL,Hash,Revision,Last Modified,Ist Spiegel+,Text-Dateiname,HTML-Dateiname
Druck der Trump-Regierung_ Übergangspräsidentin der Columbia-Universität tritt ab,https://www.spiegel.de/wissenschaft/uebergangs-praesidentin-der-columbia-universitaet-tritt-ab-a-ac6bd36a-ec32-48b9-8f65-353a10aa14f2,946f90,0,2025-03-29T10:35:00+01:00,False,Druck der Trump-Regierung_ Übergangspräsidentin der Columbia-Universität tritt ab_946f90.txt,Druck der Trump-Regierung_ Übergangspräsidentin der Columbia-Universität tritt ab_946f90.html
+Klimapolitik_ Deutsche Klimaziele 2030 gefährdet trotz Emissionsrückgang,https://www.spiegel.de/wissenschaft/klimapolitik-deutsche-klimaziele-2030-gefaehrdet-trotz-emissionsrueckgang-a-da3922e0-dfc3-426d-92ce-c3f94249ada4,d59a39,0,2025-03-14T09:33:00+01:00,True,,+Klimapolitik_ Deutsche Klimaziele 2030 gefährdet trotz Emissionsrückgang_d59a39.html
Schwaben_ Deutsches Plesiosaurus-Fossil verändert Sichtweise auf eine ganze Art,https://www.spiegel.de/wissenschaft/natur/schwaben-deutsches-plesiosaurus-fossil-veraendert-sichtweise-auf-eine-ganze-art-a-81248302-b023-423d-a643-62a7e383922e,991c71,0,2025-04-02T10:25:00+02:00,False,Schwaben_ Deutsches Plesiosaurus-Fossil verändert Sichtweise auf eine ganze Art_991c71.txt,Schwaben_ Deutsches Plesiosaurus-Fossil verändert Sichtweise auf eine ganze Art_991c71.html
Klimaschutz und Schuldenpaket_ So wird das Geld sinnvoll verteilt - Podcast,https://www.spiegel.de/wissenschaft/klimaschutz-und-schuldenpaket-so-wird-das-geld-sinnvoll-verteilt-podcast-a-1ddc6efd-bf7b-4190-a8d4-e572156da2eb,208985,0,2025-03-19T19:34:00+01:00,False,Klimaschutz und Schuldenpaket_ So wird das Geld sinnvoll verteilt - Podcast_208985.txt,Klimaschutz und Schuldenpaket_ So wird das Geld sinnvoll verteilt - Podcast_208985.html
"+Erfolg der AfD_ »Je weniger ich weiß und verstehe, desto schneller lasse ich mich verführen«",https://www.spiegel.de/wissenschaft/erfolg-der-afd-je-weniger-ich-weiss-und-verstehe-desto-schneller-lasse-ich-mich-verfuehren-a-059cbfe9-04ad-401e-b308-eb82e35a0db6,ecba78,0,2025-03-09T15:34:00+01:00,True,,"+Erfolg der AfD_ »Je weniger ich weiß und verstehe, desto schneller lasse ich mich verführen«_ecba78.html"
James-Webb-Teleskop knipst spektakuläres Foto von »Weltraum-Tornado«,https://www.spiegel.de/wissenschaft/weltall/james-webb-teleskop-knipst-spektakulaeres-foto-von-weltraum-tornado-a-9e68adb8-eeb4-4180-bc93-f50a2377cee5,e65280,0,2025-03-25T16:14:00+01:00,False,James-Webb-Teleskop knipst spektakuläres Foto von »Weltraum-Tornado«_e65280.txt,James-Webb-Teleskop knipst spektakuläres Foto von »Weltraum-Tornado«_e65280.html
Ostsee_ Forscher aus Rostock wecken Alge nach 7000 Jahren Dauerschlaf,https://www.spiegel.de/wissenschaft/natur/ostsee-forscher-aus-rostock-wecken-alge-nach-7000-jahren-dauerschlaf-a-5da80e5c-435a-489f-8c46-a059a42fedb7,8081db,0,2025-03-28T11:40:00+01:00,False,Ostsee_ Forscher aus Rostock wecken Alge nach 7000 Jahren Dauerschlaf_8081db.txt,Ostsee_ Forscher aus Rostock wecken Alge nach 7000 Jahren Dauerschlaf_8081db.html
Laborexperiment simuliert Entstehung von Bernsteinfossilien,https://www.spiegel.de/wissenschaft/natur/wissenschaft-laborexperiment-simuliert-entstehung-von-bernsteinfossilien-a-f1ceff56-7fc3-4ca7-ba0f-df2d6a9805a0,9c46e0,0,2025-03-25T17:48:00+01:00,False,Laborexperiment simuliert Entstehung von Bernsteinfossilien_9c46e0.txt,Laborexperiment simuliert Entstehung von Bernsteinfossilien_9c46e0.html
Ukraine_ Zerstörung des Kachowka-Staudamms legte giftige Schwermetalle frei,https://www.spiegel.de/wissenschaft/ukraine-zerstoerung-des-kachowka-staudamms-legte-giftige-schwermetalle-frei-a-28c9a0ab-33b1-4849-b757-d6466436f361,e4ea8e,0,2025-03-14T15:18:00+01:00,False,Ukraine_ Zerstörung des Kachowka-Staudamms legte giftige Schwermetalle frei_e4ea8e.txt,Ukraine_ Zerstörung des Kachowka-Staudamms legte giftige Schwermetalle frei_e4ea8e.html
Serbien_ Was ist die Schallwaffe und wie funktioniert sie_,https://www.spiegel.de/wissenschaft/technik/serbien-was-ist-die-schallwaffe-und-wie-funktioniert-sie-a-487a3410-abac-44ce-a3eb-0102b213a491,e7c739,0,2025-03-17T16:23:00+01:00,False,Serbien_ Was ist die Schallwaffe und wie funktioniert sie__e7c739.txt,Serbien_ Was ist die Schallwaffe und wie funktioniert sie__e7c739.html
Österreich_ Forscher entdecken Massengrab mit römischen Soldaten bei Wien,https://www.spiegel.de/wissenschaft/mensch/oesterreich-forscher-entdecken-massengrab-mit-roemischen-soldaten-bei-wien-a-f7646e15-fb57-48c6-92ee-c440064542fa,64fade,0,2025-04-05T16:39:00+02:00,False,Österreich_ Forscher entdecken Massengrab mit römischen Soldaten bei Wien_64fade.txt,Österreich_ Forscher entdecken Massengrab mit römischen Soldaten bei Wien_64fade.html
Uni Mainz_ Rätselhafte Röhrchen - Forschende entdecken unbekannte Lebensform in der Wüste,https://www.spiegel.de/wissenschaft/natur/uni-mainz-raetselhafte-roehrchen-forschende-entdecken-unbekannte-lebensform-in-der-wueste-a-111e60f0-32bb-4ec1-8ca3-b30af68b5132,118b2b,0,2025-03-23T16:35:00+01:00,False,Uni Mainz_ Rätselhafte Röhrchen - Forschende entdecken unbekannte Lebensform in der Wüste_118b2b.txt,Uni Mainz_ Rätselhafte Röhrchen - Forschende entdecken unbekannte Lebensform in der Wüste_118b2b.html
Mars-Mission_ Deutsche Forscher entwickeln Solarzellen aus künstlichem Mondstaub,https://www.spiegel.de/wissenschaft/technik/mars-mission-deutsche-forscher-entwickeln-solarzellen-aus-kuenstlichem-mondstaub-a-4bad6aa6-7cb4-4f9c-bbab-6b74c54d53c5,3f1619,0,2025-04-04T15:25:00+02:00,False,Mars-Mission_ Deutsche Forscher entwickeln Solarzellen aus künstlichem Mondstaub_3f1619.txt,Mars-Mission_ Deutsche Forscher entwickeln Solarzellen aus künstlichem Mondstaub_3f1619.html
Mars-Mond_ Raumsonde »Hera« zeigt Deimos aus neuer Perspektive,https://www.spiegel.de/wissenschaft/weltall/mars-mond-raumsonde-hera-zeigt-deimos-aus-neuer-perspektive-a-89edd863-9e29-4d4c-9fb9-9710f0f8c57a,e98f8d,0,2025-03-13T17:36:00+01:00,False,Mars-Mond_ Raumsonde »Hera« zeigt Deimos aus neuer Perspektive_e98f8d.txt,Mars-Mond_ Raumsonde »Hera« zeigt Deimos aus neuer Perspektive_e98f8d.html
Sonnenfinsternis über Deutschland am 29. März_ Was Sie wissen sollten,https://www.spiegel.de/wissenschaft/weltall/sonnenfinsternis-ueber-deutschland-am-29-maerz-was-sie-wissen-sollten-a-bca94864-6e27-4914-9f56-4827a4243fab,ae3df8,0,2025-03-24T10:18:00+01:00,False,Sonnenfinsternis über Deutschland am 29. März_ Was Sie wissen sollten_ae3df8.txt,Sonnenfinsternis über Deutschland am 29. März_ Was Sie wissen sollten_ae3df8.html
Australien_ Forscher entdecken ältesten Meteoritenkrater der Welt,https://www.spiegel.de/wissenschaft/natur/australien-forscher-entdecken-aeltesten-meteoritenkrater-der-welt-a-bc12f399-64d8-4936-83bb-ccc519f24a32,231964,0,2025-03-07T12:47:00+01:00,False,Australien_ Forscher entdecken ältesten Meteoritenkrater der Welt_231964.txt,Australien_ Forscher entdecken ältesten Meteoritenkrater der Welt_231964.html
Pompeji_ Archäologen stoßen auf antike Grabskulpturen,https://www.spiegel.de/wissenschaft/mensch/pompeji-archaeologen-entdecken-antike-grabskulpturen-in-nekropole-von-porta-sarno-a-325eb4a5-d4af-4655-a73a-b2178c7584b0,b726c0,0,2025-04-03T08:11:00+02:00,False,Pompeji_ Archäologen stoßen auf antike Grabskulpturen_b726c0.txt,Pompeji_ Archäologen stoßen auf antike Grabskulpturen_b726c0.html
Mondsonde_ »Athena« ist wahrscheinlich umgekippt,https://www.spiegel.de/wissenschaft/weltall/mondsonde-athena-ist-wahrscheinlich-umgekippt-a-ba6821cb-c30c-4a25-bb22-56de94bc21a5,b668e2,0,2025-03-07T11:51:00+01:00,False,Mondsonde_ »Athena« ist wahrscheinlich umgekippt_b668e2.txt,Mondsonde_ »Athena« ist wahrscheinlich umgekippt_b668e2.html
Klimawandel_ Globales Meereis schrumpft auf auf historisches Minimum,https://www.spiegel.de/wissenschaft/natur/klimawandel-globales-meereis-schrumpft-auf-auf-historisches-minimum-a-c7b80935-0f03-45f7-9931-bd34b6a55b55,ae6ce5,0,2025-03-06T11:48:00+01:00,False,Klimawandel_ Globales Meereis schrumpft auf auf historisches Minimum_ae6ce5.txt,Klimawandel_ Globales Meereis schrumpft auf auf historisches Minimum_ae6ce5.html
+Ariane 6 bringt europäischen Spionagesatelliten CSO-3 in All,https://www.spiegel.de/wissenschaft/ariane-6-bringt-europaeischen-spionagesatelliten-cso-3-in-all-a-e272968c-20b1-43db-8f94-1711294694f2,a43f44,0,2025-03-07T08:47:00+01:00,True,,+Ariane 6 bringt europäischen Spionagesatelliten CSO-3 in All_a43f44.html
+Klimawandel und Natur_ Wie Pflanzen den Frühlingsanfang beeinflussen,https://www.spiegel.de/wissenschaft/natur/klimawandel-und-natur-wie-pflanzen-den-fruehlingsanfang-beeinflussen-a-4915c643-3620-42dc-8da3-b2e307a66673,501115,0,2025-03-18T10:23:00+01:00,True,,+Klimawandel und Natur_ Wie Pflanzen den Frühlingsanfang beeinflussen_501115.html
+»Langeweile wird völlig zu Unrecht gelobt« - Studie der Universität Wien,https://www.spiegel.de/wissenschaft/mensch/langeweile-wird-voellig-zu-unrecht-gelobt-studie-der-universitaet-wien-a-b7a5df22-60cc-4780-a186-25c77e558948,49b540,0,2025-03-20T21:23:00+01:00,True,,+»Langeweile wird völlig zu Unrecht gelobt« - Studie der Universität Wien_49b540.html
Raumfahrt_ Nasa verkündet Entlassungswelle,https://www.spiegel.de/wissenschaft/natur/nasa-verkuendet-entlassungswelle-a-6b5d12c2-7caf-4b38-aef2-4e5a36a55a3e,60cfeb,0,2025-03-12T15:46:00+01:00,False,Raumfahrt_ Nasa verkündet Entlassungswelle_60cfeb.txt,Raumfahrt_ Nasa verkündet Entlassungswelle_60cfeb.html
Leipzig_ Archäologen entdecken rätselhafte Grubenlinien,https://www.spiegel.de/wissenschaft/mensch/leipzig-archaeologen-entdecken-raetselhafte-grubenlinien-a-04f210c1-4932-4dcb-82b7-675642f5ab29,7d2c91,0,2025-04-04T15:24:00+02:00,False,Leipzig_ Archäologen entdecken rätselhafte Grubenlinien_7d2c91.txt,Leipzig_ Archäologen entdecken rätselhafte Grubenlinien_7d2c91.html
Unwetter in den USA_ Meteorologen warnen vor »katastrophalen« Überschwemmungen,https://www.spiegel.de/wissenschaft/natur/unwetter-in-den-usa-meteorologen-warnen-vor-katastrophalen-ueberschwemmungen-a-86b8aa24-19f9-4f17-9a00-b108bfa56a1d,01b083,0,2025-04-04T15:28:00+02:00,False,Unwetter in den USA_ Meteorologen warnen vor »katastrophalen« Überschwemmungen_01b083.txt,Unwetter in den USA_ Meteorologen warnen vor »katastrophalen« Überschwemmungen_01b083.html
Frauen im Beruf_ Warum wir über Menstruation und Wechseljahre sprechen müssen – Podcast,https://www.spiegel.de/wissenschaft/frauen-im-beruf-warum-wir-ueber-menstruation-und-wechseljahre-sprechen-muessen-podcast-a-b6689c01-7397-4586-8207-e02d12bbf2db,de8612,0,2025-04-04T21:53:00+02:00,False,Frauen im Beruf_ Warum wir über Menstruation und Wechseljahre sprechen müssen – Podcast_de8612.txt,Frauen im Beruf_ Warum wir über Menstruation und Wechseljahre sprechen müssen – Podcast_de8612.html
+Berghain in Berlin und die Techno-Szene_ Forscher erklärt das Einlass-Prinzip,https://www.spiegel.de/wissenschaft/mensch/berghain-in-berlin-und-die-techno-szene-forscher-erklaert-das-einlass-prinzip-a-5e3702e0-6fb4-4413-a9eb-85e99b8cae9f,8f1c84,0,2025-03-28T07:14:00+01:00,True,,+Berghain in Berlin und die Techno-Szene_ Forscher erklärt das Einlass-Prinzip_8f1c84.html
Paris_ Abwärme aus U-Bahn-Tunneln könnte Wohnungen heizen,https://www.spiegel.de/wissenschaft/paris-abwaerme-aus-u-bahn-tunneln-koennte-wohnungen-heizen-paris-macht-es-vor-a-42df5d91-2d5c-4e98-ba8a-88e4994d8961,a525de,0,2025-03-09T15:54:00+01:00,False,Paris_ Abwärme aus U-Bahn-Tunneln könnte Wohnungen heizen_a525de.txt,Paris_ Abwärme aus U-Bahn-Tunneln könnte Wohnungen heizen_a525de.html
Christian Drosten würde nicht noch einmal so in der Öffentlichkeit stehen wollen,https://www.spiegel.de/wissenschaft/christian-drosten-wuerde-nicht-noch-einmal-so-in-der-oeffentlichkeit-stehen-wollen-a-c5830d65-55f5-4109-98dc-f03c238d48f5,19fc45,0,2025-03-11T16:17:00+01:00,False,Christian Drosten würde nicht noch einmal so in der Öffentlichkeit stehen wollen_19fc45.txt,Christian Drosten würde nicht noch einmal so in der Öffentlichkeit stehen wollen_19fc45.html
+Corona-Ursprung_ Forderung nach Offenlegung der BND-Erkenntnisse,https://www.spiegel.de/wissenschaft/corona-ursprung-forderung-nach-offenlegung-der-bnd-erkenntnisse-a-2ac095fd-2c57-42fc-a404-6f421e959abc,206f70,0,2025-03-13T18:50:00+01:00,True,,+Corona-Ursprung_ Forderung nach Offenlegung der BND-Erkenntnisse_206f70.html
Donald Trump_ »Wer wird euch heilen_« – US-Forschende protestieren bei Kundgebung in Washington,https://www.spiegel.de/wissenschaft/mensch/donald-trump-wer-wird-euch-heilen-us-forschende-protestieren-bei-kundgebung-in-washington-a-6358b49a-c45f-4c22-b930-94400ec7b2a9,28b917,0,2025-03-08T15:13:00+01:00,False,Donald Trump_ »Wer wird euch heilen_« – US-Forschende protestieren bei Kundgebung in Washington_28b917.txt,Donald Trump_ »Wer wird euch heilen_« – US-Forschende protestieren bei Kundgebung in Washington_28b917.html
+Desy-Chefin Beate Heinemann_ »Wir verlieren immer noch viele talentierte Forscherinnen«,https://www.spiegel.de/wissenschaft/mensch/desy-chefin-beate-heinemann-wir-verlieren-immer-noch-viele-talentierte-forscherinnen-a-bc28c14a-ef63-435a-8ccd-d5a3248b48dd,a90931,0,2025-04-02T17:59:00+02:00,True,,+Desy-Chefin Beate Heinemann_ »Wir verlieren immer noch viele talentierte Forscherinnen«_a90931.html
+Quantencomputing_ Deutschland sucht den Superrechner,https://www.spiegel.de/wissenschaft/technik/quantencomputing-deutschland-sucht-den-superrechner-a-f26661a6-8b75-4cd1-8304-a18e3f570323,e6ccad,0,2025-03-16T06:38:00+01:00,True,,+Quantencomputing_ Deutschland sucht den Superrechner_e6ccad.html
CDU_CSU und SPD in Koalitionsverhandlungen_ Fusionsreaktor-Träume der Union,https://www.spiegel.de/wissenschaft/mensch/cdu-csu-und-spd-in-koalitionsverhandlungen-fusionsreaktor-traeume-der-union-a-38dfd1d6-5ec2-4089-b199-f0a078ccab47,ad12aa,0,2025-03-28T13:00:00+01:00,False,CDU_CSU und SPD in Koalitionsverhandlungen_ Fusionsreaktor-Träume der Union_ad12aa.txt,CDU_CSU und SPD in Koalitionsverhandlungen_ Fusionsreaktor-Träume der Union_ad12aa.html
Sambia_ Fluss im Kupfergürtel »stirbt« über Nacht wegen Säureabfalls aus chinesischer Mine,https://www.spiegel.de/wissenschaft/natur/sambia-fluss-im-kupferguertel-stirbt-ueber-nacht-wegen-saeureabfalls-aus-chinesischer-mine-a-1599dba0-4f26-4bc8-ad7d-67d1b5e1d661,bb2d4a,0,2025-03-16T20:00:00+01:00,False,Sambia_ Fluss im Kupfergürtel »stirbt« über Nacht wegen Säureabfalls aus chinesischer Mine_bb2d4a.txt,Sambia_ Fluss im Kupfergürtel »stirbt« über Nacht wegen Säureabfalls aus chinesischer Mine_bb2d4a.html
"Vogelnester aus Plastikmüll, gesunde Ernährung und Kampfjets mit Schwachstellen – Lese-Empfehlungen",https://www.spiegel.de/wissenschaft/mensch/vogelnester-aus-plastikmuell-gesunde-ernaehrung-und-kampfjets-mit-schwachstellen-lese-empfehlungen-der-woche-a-e3915989-8704-44ac-a273-61e90723cd39,88d622,0,2025-03-15T09:56:00+01:00,False,"Vogelnester aus Plastikmüll, gesunde Ernährung und Kampfjets mit Schwachstellen – Lese-Empfehlungen_88d622.txt","Vogelnester aus Plastikmüll, gesunde Ernährung und Kampfjets mit Schwachstellen – Lese-Empfehlungen_88d622.html"
"+Columbia University, Harvard & Co_ Donald Trump nimmt die Elite-Hochschulen ins Visier",https://www.spiegel.de/wissenschaft/columbia-university-harvard-co-donald-trump-nimmt-die-elite-hochschulen-ins-visier-a-fcfe01d1-1633-4d87-b1a6-511da2694fb4,7fad03,0,2025-03-20T21:07:00+01:00,True,,"+Columbia University, Harvard & Co_ Donald Trump nimmt die Elite-Hochschulen ins Visier_7fad03.html"
+»Spectrum« von Isar Aerospace_ Das bedeutet der erste Test der neuen deutschen Rakete,https://www.spiegel.de/wissenschaft/weltall/spectrum-von-isar-aerospace-das-bedeutet-der-erste-test-der-neuen-deutschen-rakete-a-df5073a4-7f7a-4902-ac4b-c87b9d280948,95653a,0,2025-03-30T14:09:00+02:00,True,,+»Spectrum« von Isar Aerospace_ Das bedeutet der erste Test der neuen deutschen Rakete_95653a.html
Fake News_ Wie Live-Faktenchecks gegen Falschinformationen wirken,https://www.spiegel.de/wissenschaft/mensch/fake-news-wie-live-faktenchecks-gegen-falschinformationen-wirken-a-b096c8d7-3f5a-44a5-a494-4330d4746c5c,fd04bd,0,2025-03-09T16:58:00+01:00,False,Fake News_ Wie Live-Faktenchecks gegen Falschinformationen wirken_fd04bd.txt,Fake News_ Wie Live-Faktenchecks gegen Falschinformationen wirken_fd04bd.html
+»Schinderhannes« Johannes Bückler_ Skelett des legendären Räubers identifiziert,https://www.spiegel.de/wissenschaft/mensch/schinderhannes-johannes-bueckler-skelett-des-legendaeren-raeubers-identifiziert-a-c6c29a64-fb95-4fe8-ab7a-b50480417a86,5e4cb4,0,2025-03-27T17:12:00+01:00,True,,+»Schinderhannes« Johannes Bückler_ Skelett des legendären Räubers identifiziert_5e4cb4.html
Corona_ Rätsel um Pim-Syndrom bei Kindern wohl gelöst,https://www.spiegel.de/wissenschaft/mensch/coronavirus-raetsel-um-pims-syndrom-bei-kindern-wohl-geloest-a-1605ffe8-bf1b-4020-b05f-987787ffbb13,73533f,0,2025-03-13T14:20:00+01:00,False,Corona_ Rätsel um Pim-Syndrom bei Kindern wohl gelöst_73533f.txt,Corona_ Rätsel um Pim-Syndrom bei Kindern wohl gelöst_73533f.html
+»Adolescence« bei Netflix_ Incel-Mythos der 80-20-Regel im Faktencheck,https://www.spiegel.de/wissenschaft/mensch/adolescence-bei-netflix-incel-mythos-der-80-20-regel-im-faktencheck-a-17ef8089-d7df-45f5-9f41-d90b0755b264,d6fe9d,0,2025-03-27T16:29:00+01:00,True,,+»Adolescence« bei Netflix_ Incel-Mythos der 80-20-Regel im Faktencheck_d6fe9d.html
Psychologie der Wahlentscheidung_ Wie fiktive Figuren politisch wählen würden,https://www.spiegel.de/wissenschaft/mensch/psychologie-der-wahlentscheidung-wie-fiktive-figuren-politisch-waehlen-wuerden-a-e763e90d-b595-4d9c-9d6f-2b51d50b92d4,f32f07,0,2025-03-17T21:24:00+01:00,False,Psychologie der Wahlentscheidung_ Wie fiktive Figuren politisch wählen würden_f32f07.txt,Psychologie der Wahlentscheidung_ Wie fiktive Figuren politisch wählen würden_f32f07.html
Pakistan_ Seltene Sichtung - Schneeleoparden versetzen Naturschützer in Aufregung,https://www.spiegel.de/wissenschaft/natur/pakistan-vier-schneeleoparden-versetzen-naturschuetzer-in-aufregung-a-35f2a9a7-3395-4dd5-a3d4-3ff022aa96f8,25d980,0,2025-03-18T14:02:00+01:00,False,Pakistan_ Seltene Sichtung - Schneeleoparden versetzen Naturschützer in Aufregung_25d980.txt,Pakistan_ Seltene Sichtung - Schneeleoparden versetzen Naturschützer in Aufregung_25d980.html
Wellensittichen und Menschen_ Gehirne ähnlicher als gedacht,https://www.spiegel.de/wissenschaft/natur/wellensittichen-und-menschen-gehirne-aehnlicher-als-gedacht-a-70307cd5-441f-4ead-882c-bdf932f7a3b4,b9957b,0,2025-03-21T10:25:00+01:00,False,Wellensittichen und Menschen_ Gehirne ähnlicher als gedacht_b9957b.txt,Wellensittichen und Menschen_ Gehirne ähnlicher als gedacht_b9957b.html
SpaceX_ Rabea Rogge als erste deutsche Frau im Weltall - »Früher waren Astronauten absolute Helden«,https://www.spiegel.de/wissenschaft/spacex-rabea-rogge-als-erste-deutsche-frau-im-weltall-frueher-waren-astronauten-absolute-helden-a-f41e4d9d-fe33-4226-8a9e-fdc4f59161cd,c26cb1,0,2025-04-01T16:58:00+02:00,False,SpaceX_ Rabea Rogge als erste deutsche Frau im Weltall - »Früher waren Astronauten absolute Helden«_c26cb1.txt,SpaceX_ Rabea Rogge als erste deutsche Frau im Weltall - »Früher waren Astronauten absolute Helden«_c26cb1.html
ISS_ Gestrandete US-Astronauten bekamen kein Geld für Überstunden,https://www.spiegel.de/wissenschaft/iss-gestrandete-us-astronauten-bekamen-kein-geld-fuer-ueberstunden-a-31598c93-ed3c-4173-807c-9ece33fee613,c45bfd,0,2025-03-25T12:01:00+01:00,False,ISS_ Gestrandete US-Astronauten bekamen kein Geld für Überstunden_c45bfd.txt,ISS_ Gestrandete US-Astronauten bekamen kein Geld für Überstunden_c45bfd.html
+Internationale Raumstation_ Auf der ISS gestrandete Astronauten und die Folgen des verzögerten Rückflugs,https://www.spiegel.de/wissenschaft/weltall/internationale-raumstation-auf-der-iss-gestrandete-astronauten-und-die-folgen-des-verzoegerten-rueckflugs-a-6b4e35ef-13b9-4d6b-90ce-a85a1d30f121,44aa3e,0,2025-03-15T11:19:00+01:00,True,,+Internationale Raumstation_ Auf der ISS gestrandete Astronauten und die Folgen des verzögerten Rückflugs_44aa3e.html
+Klimabericht des Deutschen Wetterdienstes für 2024_ So hart trifft Deutschland die Klimakrise,https://www.spiegel.de/wissenschaft/natur/klimabericht-des-deutschen-wetterdienstes-fuer-2024-so-hart-trifft-deutschland-die-klimakrise-a-f6d5759b-dddb-4b12-8085-ea2bbe831996,5a84f0,0,2025-04-01T15:09:00+02:00,True,,+Klimabericht des Deutschen Wetterdienstes für 2024_ So hart trifft Deutschland die Klimakrise_5a84f0.html
+Patientenverfügung und Vorsorgevollmacht_ Warum sie so wichtig sind,https://www.spiegel.de/wissenschaft/medizin/patientenverfuegung-und-vorsorgevollmacht-warum-sie-so-wichtig-sind-a-f99a25e6-8d97-42d3-8af5-d2cb4cb14714,e3c526,0,2025-03-23T19:05:00+01:00,True,,+Patientenverfügung und Vorsorgevollmacht_ Warum sie so wichtig sind_e3c526.html
+US-Geheimdienstinformationen_ Warum Zieldaten für Raketenwerfer für die Ukraine so wichtig sind,https://www.spiegel.de/wissenschaft/technik/us-geheimdienstinformationen-warum-zieldaten-fuer-raketenwerfer-fuer-die-ukraine-so-wichtig-sind-a-fe18ef39-8273-4ad6-8156-91f1f80a7b52,10b058,0,2025-03-06T17:14:00+01:00,True,,+US-Geheimdienstinformationen_ Warum Zieldaten für Raketenwerfer für die Ukraine so wichtig sind_10b058.html
Italien_ Mutmaßlich russische Drohne überfliegt Forschungszentrum der EU,https://www.spiegel.de/wissenschaft/technik/italien-mutmasslich-russische-drohne-ueberfliegt-forschungszentrum-der-eu-a-b9b3bfe0-c8b3-4494-ab5b-ec8273921048,a2b060,0,2025-03-31T20:40:00+02:00,False,Italien_ Mutmaßlich russische Drohne überfliegt Forschungszentrum der EU_a2b060.txt,Italien_ Mutmaßlich russische Drohne überfliegt Forschungszentrum der EU_a2b060.html
Suni Williams und Butch Wilmore_ Gestrandete Astronauten auf der Rückreise von der ISS,https://www.spiegel.de/wissenschaft/weltall/suni-williams-und-butch-wilmore-gestrandete-astronauten-auf-der-rueckreise-von-der-iss-a-956a6f3a-c89e-4753-811d-97b501842e47,c87d8a,0,2025-03-18T09:11:00+01:00,False,Suni Williams und Butch Wilmore_ Gestrandete Astronauten auf der Rückreise von der ISS_c87d8a.txt,Suni Williams und Butch Wilmore_ Gestrandete Astronauten auf der Rückreise von der ISS_c87d8a.html
Rabea Rogge als erste deutsche Frau ins All gestartet – für SpaceX-Raumfahrt-Mission »Fram2«,https://www.spiegel.de/wissenschaft/weltall/rabea-rogge-als-erste-deutsche-frau-ins-all-gestartet-fuer-spacex-raumfahrt-mission-fram2-a-db6adc75-034b-4162-859b-a6910eb6a7b2,5ec351,0,2025-04-01T10:01:00+02:00,False,Rabea Rogge als erste deutsche Frau ins All gestartet – für SpaceX-Raumfahrt-Mission »Fram2«_5ec351.txt,Rabea Rogge als erste deutsche Frau ins All gestartet – für SpaceX-Raumfahrt-Mission »Fram2«_5ec351.html
+Grundgesetzänderung im Bundestag_ Auch Klimapolitik ist Sicherheitspolitik,https://www.spiegel.de/wissenschaft/vor-der-abstimmung-zur-grundgesetzaenderung-auch-klimapolitik-ist-sicherheitspolitik-a-39402d94-8d74-4c3b-a43a-9db9b4bc96a3,63b217,0,2025-03-18T11:38:00+01:00,True,,+Grundgesetzänderung im Bundestag_ Auch Klimapolitik ist Sicherheitspolitik_63b217.html
Bestatter_ Warum diese Ausbildung gerade bei jungen Frauen boomt - Podcast,https://www.spiegel.de/wissenschaft/bestatter-warum-diese-ausbildung-gerade-bei-jungen-frauen-boomt-podcast-a-790cf2fb-9870-4f09-ad02-4b6a6b3a2e2d,79cc18,0,2025-03-25T18:04:00+01:00,False,Bestatter_ Warum diese Ausbildung gerade bei jungen Frauen boomt - Podcast_79cc18.txt,Bestatter_ Warum diese Ausbildung gerade bei jungen Frauen boomt - Podcast_79cc18.html
Trennungen_ Warum die Paartherapie in vielen kriselnden Beziehungen zu spät kommt,https://www.spiegel.de/wissenschaft/mensch/paare-brechen-oft-schon-ein-bis-zwei-jahre-vor-der-trennung-miteinander-a-b3e2988a-6fb0-4755-8133-5b5a30b01058,bf6616,0,2025-03-26T18:06:00+01:00,False,Trennungen_ Warum die Paartherapie in vielen kriselnden Beziehungen zu spät kommt_bf6616.txt,Trennungen_ Warum die Paartherapie in vielen kriselnden Beziehungen zu spät kommt_bf6616.html
WMO-Bericht_ Menschengemachter Klimawandel erreichte 2024 neuen Höhepunkt,https://www.spiegel.de/wissenschaft/natur/wmo-bericht-2024-zum-klima-klimawandel-durch-menschen-auf-neuem-hoehepunkt-a-96e361e6-1ae2-4a42-bc99-c1315cbccc75,e8e495,0,2025-03-19T10:12:00+01:00,False,WMO-Bericht_ Menschengemachter Klimawandel erreichte 2024 neuen Höhepunkt_e8e495.txt,WMO-Bericht_ Menschengemachter Klimawandel erreichte 2024 neuen Höhepunkt_e8e495.html
Primatenforschung in Bolivien_ Warum Affen die besseren Jodler sind,https://www.spiegel.de/wissenschaft/natur/primatenforschung-in-bolivien-suedamerikanische-affen-uebertreffen-menschliche-jodler-im-stimmumfang-a-4f05f050-cbac-46fd-abc5-448f5a9263b1,cb357c,0,2025-04-03T08:21:00+02:00,False,Primatenforschung in Bolivien_ Warum Affen die besseren Jodler sind_cb357c.txt,Primatenforschung in Bolivien_ Warum Affen die besseren Jodler sind_cb357c.html
Funde aus der Eisenzeit könnten die Geschichte Großbritanniens umschreiben,https://www.spiegel.de/wissenschaft/mensch/funde-aus-der-eisenzeit-koennten-die-geschichte-grossbritanniens-umschreiben-a-369c4e31-b917-4cc6-ac72-e9dad8803cd1,89c093,0,2025-03-25T15:29:00+01:00,False,Funde aus der Eisenzeit könnten die Geschichte Großbritanniens umschreiben_89c093.txt,Funde aus der Eisenzeit könnten die Geschichte Großbritanniens umschreiben_89c093.html
Rabea Rogge soll als erste deutsche Frau mit SpaceX ins All fliegen,https://www.spiegel.de/wissenschaft/weltall/raumfahrt-rabea-rogge-soll-als-erste-frau-mit-spacex-um-die-pole-fliegen-a-7cbc7a38-ec9a-484f-a4bd-0452ece4e925,73cf8e,0,2025-03-30T10:41:00+02:00,False,Rabea Rogge soll als erste deutsche Frau mit SpaceX ins All fliegen_73cf8e.txt,Rabea Rogge soll als erste deutsche Frau mit SpaceX ins All fliegen_73cf8e.html
Norwegen_ Isar Aerospace darf Testflug der ersten Trägerrakete in Europa durchführen,https://www.spiegel.de/wissenschaft/weltall/norwegen-isar-aerospace-darf-testflug-der-ersten-traegerrakete-in-europa-durchfuehren-a-845381da-1b0d-4e6d-a19f-2559c3ba422a,3398a9,0,2025-03-17T20:38:00+01:00,False,Norwegen_ Isar Aerospace darf Testflug der ersten Trägerrakete in Europa durchführen_3398a9.txt,Norwegen_ Isar Aerospace darf Testflug der ersten Trägerrakete in Europa durchführen_3398a9.html
Klimaschutz und Schuldenpaket_ So wird das Geld sinnvoll verteilt,https://www.spiegel.de/wissenschaft/klimaschutz-und-schuldenpaket-so-wird-das-geld-sinnvoll-verteilt-a-0dc88004-eaf9-40c1-9433-4f03b78f9e2c,141f4f,0,2025-03-19T19:34:00+01:00,False,Klimaschutz und Schuldenpaket_ So wird das Geld sinnvoll verteilt_141f4f.txt,Klimaschutz und Schuldenpaket_ So wird das Geld sinnvoll verteilt_141f4f.html
+Erdbeben in Myanmar_ »Wie ein Klettverschluss unter der Erde«,https://www.spiegel.de/wissenschaft/natur/erdbeben-in-myanmar-interview-mit-seismologe-frederik-tilmann-ueber-die-ursachen-a-13c2effb-b63a-4a12-80ee-6bb4984cb866,4fbf52,0,2025-03-28T14:34:00+01:00,True,,+Erdbeben in Myanmar_ »Wie ein Klettverschluss unter der Erde«_4fbf52.html
Nasa löscht Comics über Astronautin Callie,https://www.spiegel.de/wissenschaft/weltall/nasa-loescht-comics-ueber-astronautin-callie-a-426385c0-d645-4a26-a6bf-e5f74e98dfab,e24660,0,2025-03-26T17:29:00+01:00,False,Nasa löscht Comics über Astronautin Callie_e24660.txt,Nasa löscht Comics über Astronautin Callie_e24660.html
SpaceX_ Nächster Starship-Testflug endet in einer Explosion,https://www.spiegel.de/wissenschaft/weltall/spacex-elon-musk-naechster-starship-testflug-endet-in-einer-explosion-a-d09ddd2b-c70d-4815-9ce6-979090995cc3,0ce9a5,0,2025-03-07T08:35:00+01:00,False,SpaceX_ Nächster Starship-Testflug endet in einer Explosion_0ce9a5.txt,SpaceX_ Nächster Starship-Testflug endet in einer Explosion_0ce9a5.html
Feinstaub_ Mehrheit der Länder überschreitet WHO-Grenzwerte,https://www.spiegel.de/wissenschaft/feinstaub-mehrheit-der-laender-ueberschreitet-who-grenzwerte-a-a101d9e7-4add-45a8-83a1-2cdd689fdbc5,591cff,0,2025-03-11T11:41:00+01:00,False,Feinstaub_ Mehrheit der Länder überschreitet WHO-Grenzwerte_591cff.txt,Feinstaub_ Mehrheit der Länder überschreitet WHO-Grenzwerte_591cff.html
+Wissenschaft_ Wie Trolle Stimmung gegen unliebsame Forscher machen,https://www.spiegel.de/wissenschaft/mensch/wissenschaft-wie-trolle-stimmung-gegen-unliebsame-forscher-machen-a-278406ab-4879-43fb-ab8f-2265ef7607f0,2b9d0f,0,2025-03-09T21:27:00+01:00,True,,+Wissenschaft_ Wie Trolle Stimmung gegen unliebsame Forscher machen_2b9d0f.html
Fruchtfliegen_ Alkohol macht die Männchen sexy,https://www.spiegel.de/wissenschaft/natur/fruchtfliegen-alkohol-macht-die-maennchen-sexy-a-1ee2f2a6-4425-4834-916b-48ace9421c82,974a6e,0,2025-04-04T10:39:00+02:00,False,Fruchtfliegen_ Alkohol macht die Männchen sexy_974a6e.txt,Fruchtfliegen_ Alkohol macht die Männchen sexy_974a6e.html
Australien_ Warum hüpft das Känguru_ Kleines Beuteltier soll Rätsel lösen,https://www.spiegel.de/wissenschaft/natur/australien-warum-huepft-das-kaenguru-kleines-beuteltier-soll-raetsel-loesen-a-24a7c148-75ba-4ede-8f7b-fb0256d03b33,eb6247,0,2025-03-21T10:31:00+01:00,False,Australien_ Warum hüpft das Känguru_ Kleines Beuteltier soll Rätsel lösen_eb6247.txt,Australien_ Warum hüpft das Känguru_ Kleines Beuteltier soll Rätsel lösen_eb6247.html
Elon Musk_ SpaceX erhält milliardenschweren US-Regierungsauftrag,https://www.spiegel.de/wissenschaft/weltall/elon-musk-spacex-erhaelt-milliardenschweren-us-regierungsauftrag-a-f3684352-0e6a-47b4-a41a-56673f5a2008,1773d8,0,2025-04-05T14:59:00+02:00,False,Elon Musk_ SpaceX erhält milliardenschweren US-Regierungsauftrag_1773d8.txt,Elon Musk_ SpaceX erhält milliardenschweren US-Regierungsauftrag_1773d8.html
"+Donald Trump_ »Mir ist ein Rätsel, was er mit Grönland machen will«",https://www.spiegel.de/wissenschaft/experte-ueber-rohstoffe-mir-ist-ein-raetsel-was-trump-mit-groenland-machen-will-es-lohnt-sich-meistens-nicht-a-29be12dc-24cb-4399-a1da-aa05d2cfcdab,72c66e,0,2025-03-12T10:02:00+01:00,True,,"+Donald Trump_ »Mir ist ein Rätsel, was er mit Grönland machen will«_72c66e.html"
Donald Trump_ Helfen die Zölle am Ende dem Klima_,https://www.spiegel.de/wissenschaft/mensch/donald-trump-helfen-die-zoelle-am-ende-dem-klima-a-d16955a4-1a9c-4745-8c34-e478c6b54656,ea9b96,0,2025-04-05T20:01:00+02:00,False,Donald Trump_ Helfen die Zölle am Ende dem Klima__ea9b96.txt,Donald Trump_ Helfen die Zölle am Ende dem Klima__ea9b96.html
"Island_ Vulkan Sundhnúksgígar ausgebrochen, Lava verschluckt Straßen, Blaue Lagune evakuiert",https://www.spiegel.de/wissenschaft/natur/island-vulkan-sundhnuksgigar-ausgebrochen-lava-verschluckt-strassen-blaue-lagune-evakuiert-a-6157ed2e-7b1c-427a-9688-ecc5c59cdebc,3edfc7,0,2025-04-01T17:00:00+02:00,False,"Island_ Vulkan Sundhnúksgígar ausgebrochen, Lava verschluckt Straßen, Blaue Lagune evakuiert_3edfc7.txt","Island_ Vulkan Sundhnúksgígar ausgebrochen, Lava verschluckt Straßen, Blaue Lagune evakuiert_3edfc7.html"
Erderwärmung_ Gletscher in China sind seit 1960 um mehr als ein Viertel geschrumpft,https://www.spiegel.de/wissenschaft/erderwaermung-gletscher-in-china-sind-seit-1960-um-mehr-als-ein-viertel-geschrumpft-a-e9051843-441e-46cb-88c3-e2f798ec9aab,161cc1,0,2025-03-26T12:29:00+01:00,False,Erderwärmung_ Gletscher in China sind seit 1960 um mehr als ein Viertel geschrumpft_161cc1.txt,Erderwärmung_ Gletscher in China sind seit 1960 um mehr als ein Viertel geschrumpft_161cc1.html
Klimawandel_ Gletscherschwund ist »Frage des Überlebens« für Menschheit,https://www.spiegel.de/wissenschaft/natur/klimawandel-gletscherschwund-ist-frage-des-ueberlebens-fuer-menschheit-a-624df73a-3e95-4b9e-a7d0-f788675158c2,b690b4,0,2025-03-20T16:20:00+01:00,False,Klimawandel_ Gletscherschwund ist »Frage des Überlebens« für Menschheit_b690b4.txt,Klimawandel_ Gletscherschwund ist »Frage des Überlebens« für Menschheit_b690b4.html
"Freiheit der Wissenschaft, Sicherheit im Cockpit nach der Germanwings-Tragödie, Bahn-Debakel",https://www.spiegel.de/wissenschaft/mensch/freiheit-der-wissenschaft-sicherheit-im-cockpit-nach-der-germanwings-tragoedie-bahn-debakel-a-43fdbfbd-4b55-41e7-8ebe-125928da7059,e76910,0,2025-03-08T09:20:00+01:00,False,"Freiheit der Wissenschaft, Sicherheit im Cockpit nach der Germanwings-Tragödie, Bahn-Debakel_e76910.txt","Freiheit der Wissenschaft, Sicherheit im Cockpit nach der Germanwings-Tragödie, Bahn-Debakel_e76910.html"
"ISS_ Gestrandete Astronauten sind wieder auf der Erde, umringt von Delfinen",https://www.spiegel.de/wissenschaft/weltall/iss-erste-reaktionen-auf-rueckkehr-von-astronauten-butch-wilmore-und-suni-williams-nach-weltraumeinsatz-a-37adb4ee-6ed7-4b92-86be-5f6c93ac4ddc,61662e,0,2025-03-19T11:27:00+01:00,False,"ISS_ Gestrandete Astronauten sind wieder auf der Erde, umringt von Delfinen_61662e.txt","ISS_ Gestrandete Astronauten sind wieder auf der Erde, umringt von Delfinen_61662e.html"
USA_ Schmetterlings-Population sinkt um 22 Prozent,https://www.spiegel.de/wissenschaft/natur/usa-schmetterlings-population-sinkt-um-22-prozent-a-4f637041-a0a1-421e-9285-3346d2557b0c,589bb3,0,2025-03-07T13:09:00+01:00,False,USA_ Schmetterlings-Population sinkt um 22 Prozent_589bb3.txt,USA_ Schmetterlings-Population sinkt um 22 Prozent_589bb3.html
Frühling 2025 in Deutschland extrem trocken_ Welche Folgen das nun hat,https://www.spiegel.de/wissenschaft/natur/fruehling-2025-in-deutschland-extrem-trocken-welche-folgen-das-nun-hat-a-c5abaa20-deda-49d6-9bcf-13ebccd72aa2,ee4235,0,2025-04-05T11:08:00+02:00,False,Frühling 2025 in Deutschland extrem trocken_ Welche Folgen das nun hat_ee4235.txt,Frühling 2025 in Deutschland extrem trocken_ Welche Folgen das nun hat_ee4235.html
"Nasa schaltet »Voyager«-Instrumente ab, um Strom zu sparen",https://www.spiegel.de/wissenschaft/technik/nasa-schaltet-voyager-instrumente-ab-um-strom-zu-sparen-a-ec17fa38-ac6c-47e0-81de-cef2f8e6d56f,28ab9a,0,2025-03-09T12:32:00+01:00,False,"Nasa schaltet »Voyager«-Instrumente ab, um Strom zu sparen_28ab9a.txt","Nasa schaltet »Voyager«-Instrumente ab, um Strom zu sparen_28ab9a.html"
Bierflaschen_ Geräusch beim Öffnen so laut wie Flugzeugturbinen,https://www.spiegel.de/wissenschaft/technik/bierflaschen-geraeusch-beim-oeffnen-so-laut-wie-flugzeugturbinen-a-6c9c3c17-2307-4f81-aa8a-427fd4bf3ca3,82f183,0,2025-03-18T16:07:00+01:00,False,Bierflaschen_ Geräusch beim Öffnen so laut wie Flugzeugturbinen_82f183.txt,Bierflaschen_ Geräusch beim Öffnen so laut wie Flugzeugturbinen_82f183.html
+Nordkorea_ Satellitenfoto zeigt Kim Jong Uns Frühwarn-Flugzeug,https://www.spiegel.de/wissenschaft/technik/nordkorea-satellitenfoto-zeigt-kim-jong-uns-fruehwarn-flugzeug-a-ea2cf059-6067-4de0-a164-95fdbc0a8d28,6b9558,0,2025-03-06T17:40:00+01:00,True,,+Nordkorea_ Satellitenfoto zeigt Kim Jong Uns Frühwarn-Flugzeug_6b9558.html
+London Heathrow_ Warum ein Feuer den größten Flughafen Europas lahmlegen kann,https://www.spiegel.de/wissenschaft/technik/london-heathrow-warum-ein-feuer-den-groessten-flughafen-europas-lahmlegen-kann-a-af2813e4-0f39-4f21-bbe3-a6500b501a06,93631f,0,2025-03-21T18:13:00+01:00,True,,+London Heathrow_ Warum ein Feuer den größten Flughafen Europas lahmlegen kann_93631f.html
"+Atacama-Wüste in Chile_ »Was bringt das beste Teleskop, wenn man es nicht benutzen kann_«",https://www.spiegel.de/wissenschaft/weltall/atacama-wueste-in-chile-was-bringt-das-beste-teleskop-wenn-man-es-nicht-benutzen-kann-a-1af5adba-01e1-459a-b100-60e7160a4cb1,1a9246,0,2025-03-25T20:58:00+01:00,True,,"+Atacama-Wüste in Chile_ »Was bringt das beste Teleskop, wenn man es nicht benutzen kann_«_1a9246.html"
Entwicklungshilfe_ Gekürzte AIDS-Hilfen können bis zu drei Millionen Leben kosten,https://www.spiegel.de/wissenschaft/medizin/entwicklungshilfe-gekuerzte-aids-hilfen-koennen-bis-zu-drei-millionen-leben-kosten-a-36a09731-d87a-4747-84cb-799dbfce7566,9d3389,0,2025-03-27T11:52:00+01:00,False,Entwicklungshilfe_ Gekürzte AIDS-Hilfen können bis zu drei Millionen Leben kosten_9d3389.txt,Entwicklungshilfe_ Gekürzte AIDS-Hilfen können bis zu drei Millionen Leben kosten_9d3389.html
Donald Trump_ Columbia-Universität knickt ein - will Nahost-Richtlinien überarbeiten,https://www.spiegel.de/wissenschaft/donald-trump-columbia-universitaet-knickt-ein-will-nahost-richtlinien-ueberarbeiten-a-cc153ffb-f604-4d68-a96e-585b9dbdd37a,89a85b,0,2025-03-22T16:14:00+01:00,False,Donald Trump_ Columbia-Universität knickt ein - will Nahost-Richtlinien überarbeiten_89a85b.txt,Donald Trump_ Columbia-Universität knickt ein - will Nahost-Richtlinien überarbeiten_89a85b.html
Donald Trump_ Umweltbehörde EPA will Dutzende Vorschriften abschaffen,https://www.spiegel.de/wissenschaft/donald-trump-usa-umweltbehoerde-epa-will-dutzende-vorschriften-abschaffen-a-931e0942-a331-4559-81ef-deccf1216e3a,12d30b,0,2025-03-13T08:12:00+01:00,False,Donald Trump_ Umweltbehörde EPA will Dutzende Vorschriften abschaffen_12d30b.txt,Donald Trump_ Umweltbehörde EPA will Dutzende Vorschriften abschaffen_12d30b.html
Artus-Legende_ Verstecktes Merlin-Manuskript in altem Buch in Cambridge entdeckt,https://www.spiegel.de/wissenschaft/mensch/artus-legende-verstecktes-merlin-manuskript-in-altem-buch-in-cambridge-entdeckt-a-65718fbf-fdc5-448a-bc8b-0943a1abe0b5,83653c,0,2025-03-31T20:37:00+02:00,False,Artus-Legende_ Verstecktes Merlin-Manuskript in altem Buch in Cambridge entdeckt_83653c.txt,Artus-Legende_ Verstecktes Merlin-Manuskript in altem Buch in Cambridge entdeckt_83653c.html
Donald Trump_ Rund 1900 Forschende widersetzen sich »Großangriff auf die amerikanische Wissenschaft«,https://www.spiegel.de/wissenschaft/mensch/donald-trump-rund-1900-forschende-widersetzen-sich-grossangriff-auf-die-amerikanische-wissenschaft-a-3a90d14d-9bcf-401e-bf80-7924a2bdc0dc,a02b2b,0,2025-04-01T15:15:00+02:00,False,Donald Trump_ Rund 1900 Forschende widersetzen sich »Großangriff auf die amerikanische Wissenschaft«_a02b2b.txt,Donald Trump_ Rund 1900 Forschende widersetzen sich »Großangriff auf die amerikanische Wissenschaft«_a02b2b.html
Hammerhaie verzichten für die Bahamas offenbar auf Reisen_ Home sweet Home,https://www.spiegel.de/wissenschaft/natur/hammerhaie-verzichten-fuer-die-bahamas-offenbar-auf-reisen-home-sweet-home-a-bc2f2394-2412-4c98-ac71-592cc72e9087,a3466e,0,2025-03-21T18:20:00+01:00,False,Hammerhaie verzichten für die Bahamas offenbar auf Reisen_ Home sweet Home_a3466e.txt,Hammerhaie verzichten für die Bahamas offenbar auf Reisen_ Home sweet Home_a3466e.html
Brasilien_ Straße wird durch den Regenwald gebaut – für die Klimakonferenz,https://www.spiegel.de/wissenschaft/brasilien-strasse-wird-durch-den-regenwald-gebaut-fuer-die-klimakonferenz-a-a228d60f-faaa-4de6-b3ce-a3a621bc6bf5,72beb6,0,2025-03-12T16:54:00+01:00,False,Brasilien_ Straße wird durch den Regenwald gebaut – für die Klimakonferenz_72beb6.txt,Brasilien_ Straße wird durch den Regenwald gebaut – für die Klimakonferenz_72beb6.html
+USA unter Donald Trump_ Hochschulen stehen unter Druck und müssen Widerstand leisten - Kommentar,https://www.spiegel.de/wissenschaft/amerikas-universitaeten-brauchen-mut-zum-widerstand-a-e889046f-e82b-4c75-b9ab-654cc229e08b,cef4d8,0,2025-03-27T16:27:00+01:00,True,,+USA unter Donald Trump_ Hochschulen stehen unter Druck und müssen Widerstand leisten - Kommentar_cef4d8.html
Mpox_ Experten warnen vor ernster Bedrohung durch Affenpocken,https://www.spiegel.de/wissenschaft/medizin/mpox-experten-warnen-vor-ernster-bedrohung-durch-affenpocken-a-a07f9daf-b95f-45af-bbac-d19bf4b65a49,278f8c,0,2025-04-05T07:37:00+02:00,False,Mpox_ Experten warnen vor ernster Bedrohung durch Affenpocken_278f8c.txt,Mpox_ Experten warnen vor ernster Bedrohung durch Affenpocken_278f8c.html
Nasa – ISS_ Rückholmission für gestrandete Astronauten verzögert sich,https://www.spiegel.de/wissenschaft/weltall/nasa-iss-rueckholmission-fuer-gestrandete-astronauten-verzoegert-sich-a-e3a7f795-f75d-412d-baf6-1f6e82fbd0af,44fe24,0,2025-03-13T03:34:00+01:00,False,Nasa – ISS_ Rückholmission für gestrandete Astronauten verzögert sich_44fe24.txt,Nasa – ISS_ Rückholmission für gestrandete Astronauten verzögert sich_44fe24.html
Fischfang_ Fischerei mit Schleppnetzen verursacht laut Studie Milliardenschäden,https://www.spiegel.de/wissenschaft/natur/fischfang-fischerei-mit-schleppnetzen-verursacht-laut-studie-milliardenschaeden-a-e4720031-02b2-402c-87d6-75cc4abab7d8,40cd3b,0,2025-03-25T10:18:00+01:00,False,Fischfang_ Fischerei mit Schleppnetzen verursacht laut Studie Milliardenschäden_40cd3b.txt,Fischfang_ Fischerei mit Schleppnetzen verursacht laut Studie Milliardenschäden_40cd3b.html
Ägypten_ Archäologen finden Grab eines unbekannten Pharaos in der Totenstadt von Abydos,https://www.spiegel.de/wissenschaft/aegypten-archaeologen-finden-grab-eines-unbekannten-pharaos-in-der-totenstadt-von-abydos-a-86b7e76d-0c67-4cf0-8134-c8de26e9d6ae,98a392,0,2025-03-21T15:55:00+01:00,False,Ägypten_ Archäologen finden Grab eines unbekannten Pharaos in der Totenstadt von Abydos_98a392.txt,Ägypten_ Archäologen finden Grab eines unbekannten Pharaos in der Totenstadt von Abydos_98a392.html
+Suni Williams und Butch Wilmore_ Was macht ein Raumflug mit dem Körper_,https://www.spiegel.de/wissenschaft/weltall/suni-williams-und-butch-wilmore-was-macht-ein-raumflug-mit-dem-koerper-a-3e162081-d24f-432c-b098-976ace993b29,a6ce7b,0,2025-03-19T09:58:00+01:00,True,,+Suni Williams und Butch Wilmore_ Was macht ein Raumflug mit dem Körper__a6ce7b.html
Mond_ So schön war die Blutmondfinsternis,https://www.spiegel.de/wissenschaft/natur/mond-so-schoen-war-die-blutmondfinsternis-a-82fa38b5-b94a-4240-8ed1-2bc2c78aaab2,547d66,0,2025-03-14T15:07:00+01:00,False,Mond_ So schön war die Blutmondfinsternis_547d66.txt,Mond_ So schön war die Blutmondfinsternis_547d66.html
Corona_ Merkel und Scholz wollten BND-Bericht zu Ursprung unter Verschluss halten,https://www.spiegel.de/wissenschaft/mensch/corona-das-coronavirus-stammt-laut-bnd-aus-einem-chinesischen-labor-a-d559ee9d-6674-433f-aa71-772003845a51,255414,0,2025-03-12T14:58:00+01:00,False,Corona_ Merkel und Scholz wollten BND-Bericht zu Ursprung unter Verschluss halten_255414.txt,Corona_ Merkel und Scholz wollten BND-Bericht zu Ursprung unter Verschluss halten_255414.html
+Corona-Beginn vor fünf Jahren_ So blickt Virologin Sandra Ciesek auf die Zeit zurück,https://www.spiegel.de/wissenschaft/medizin/corona-beginn-vor-fuenf-jahren-so-blickt-virologin-sandra-ciesek-auf-die-zeit-zurueck-a-eb284e37-d82f-4a6a-86c9-8f57fce66ae0,7e3aee,0,2025-03-22T19:14:00+01:00,True,,+Corona-Beginn vor fünf Jahren_ So blickt Virologin Sandra Ciesek auf die Zeit zurück_7e3aee.html
Klimawandel_ Dünnere Luft im Orbit lässt weniger Raum für Satelliten,https://www.spiegel.de/wissenschaft/weltall/duennere-luft-im-orbit-laesst-weniger-raum-fuer-satelliten-a-3c06ce75-c3c6-4fe1-9929-132e88141f74,e24de0,0,2025-03-11T13:09:00+01:00,False,Klimawandel_ Dünnere Luft im Orbit lässt weniger Raum für Satelliten_e24de0.txt,Klimawandel_ Dünnere Luft im Orbit lässt weniger Raum für Satelliten_e24de0.html
Neuseeland_ »Sharktopus«-Video - dieser Oktopus reitet auf dem Kopf eines Hais,https://www.spiegel.de/wissenschaft/neuseeland-sharktopus-video-dieser-oktopus-reitet-auf-dem-kopf-eines-hais-a-d8eef7d6-231a-4aa3-8c05-8c8768917e15,c7e966,0,2025-03-22T16:06:00+01:00,False,Neuseeland_ »Sharktopus«-Video - dieser Oktopus reitet auf dem Kopf eines Hais_c7e966.txt,Neuseeland_ »Sharktopus«-Video - dieser Oktopus reitet auf dem Kopf eines Hais_c7e966.html
+Corona-Beginn vor fünf Jahren_ So blickt ME_CFS-Patientin Margarete Stokowski auf die Zeit zurück,https://www.spiegel.de/wissenschaft/medizin/corona-beginn-vor-fuenf-jahren-so-blickt-me-cfs-patientin-margarete-stokowski-auf-die-zeit-zurueck-a-30321de8-6e75-4251-ac0d-84c31cf20ce1,24de87,0,2025-03-22T19:13:00+01:00,True,,+Corona-Beginn vor fünf Jahren_ So blickt ME_CFS-Patientin Margarete Stokowski auf die Zeit zurück_24de87.html
+Klimakrise_ Grüne fordern Klimaneutralität bis 2045 im Grundgesetz,https://www.spiegel.de/wissenschaft/klimakrise-gruene-fordern-klimaneutralitaet-bis-2045-im-grundgesetz-a-08bdd117-c999-4466-9d34-2dbc4f49afff,157f33,0,2025-03-18T09:21:00+01:00,True,,+Klimakrise_ Grüne fordern Klimaneutralität bis 2045 im Grundgesetz_157f33.html
+Ukraine-Krieg_ Die toxischen Langzeitfolgen des Kachowka-Dammbruchs,https://www.spiegel.de/wissenschaft/natur/ukraine-krieg-die-toxischen-langzeitfolgen-des-kachowka-dammbruchs-a-ef3d143a-8706-4ab4-93c5-8209b26c9160,5eb998,0,2025-03-14T11:20:00+01:00,True,,+Ukraine-Krieg_ Die toxischen Langzeitfolgen des Kachowka-Dammbruchs_5eb998.html
"+Rabea Rogge, erste Astronautin aus Deutschland_ Warum Frauen in der Raumfahrt unterrepräsentiert sind",https://www.spiegel.de/wissenschaft/weltall/rabea-rogge-erste-astronautin-aus-deutschland-warum-frauen-in-der-raumfahrt-unterrepraesentiert-sind-a-d6594488-e08e-4591-bcb0-744f8f58d12e,86561a,0,2025-04-01T12:32:00+02:00,True,,"+Rabea Rogge, erste Astronautin aus Deutschland_ Warum Frauen in der Raumfahrt unterrepräsentiert sind_86561a.html"
Gesunde Ernährung für Raumfahrende_ Im All fermentiertes Miso schmeckt nussig,https://www.spiegel.de/wissenschaft/weltall/gesunde-ernaehrung-fuer-raumfahrende-im-all-fermentiertes-miso-schmeckt-nussig-a-0307553e-d0a1-4d03-8720-26b69b8ba438,87297e,0,2025-04-03T11:06:00+02:00,False,Gesunde Ernährung für Raumfahrende_ Im All fermentiertes Miso schmeckt nussig_87297e.txt,Gesunde Ernährung für Raumfahrende_ Im All fermentiertes Miso schmeckt nussig_87297e.html
Tuberkulose_ WHO befürchtet Kollaps im Kampf gegen die Krankheit,https://www.spiegel.de/wissenschaft/tuberkulose-who-befuerchtet-kollaps-im-kampf-gegen-die-krankheit-a-8f901453-acf5-4043-bc41-051de4f229dc,f59ebc,0,2025-03-24T15:27:00+01:00,False,Tuberkulose_ WHO befürchtet Kollaps im Kampf gegen die Krankheit_f59ebc.txt,Tuberkulose_ WHO befürchtet Kollaps im Kampf gegen die Krankheit_f59ebc.html
+Corona-Pandemie begann vor fünf Jahren_ So blickt Impfstoffexperte Leif Erik Sander auf die Zeit zurück,https://www.spiegel.de/wissenschaft/medizin/corona-pandemie-begann-vor-fuenf-jahren-so-blickt-impfstoffexperte-leif-erik-sander-auf-die-zeit-zurueck-a-3e8ad514-4313-4d40-9cbd-188ad142ad4a,c27dae,0,2025-03-22T19:12:00+01:00,True,,+Corona-Pandemie begann vor fünf Jahren_ So blickt Impfstoffexperte Leif Erik Sander auf die Zeit zurück_c27dae.html
Mond_ US-Sonde »Athena« umgekippt – Mission beendet,https://www.spiegel.de/wissenschaft/weltall/mond-us-sonde-athena-umgekippt-mission-beendet-a-b6de924c-4d6a-48bb-beb7-e94ab15ddf72,62fd29,0,2025-03-08T11:24:00+01:00,False,Mond_ US-Sonde »Athena« umgekippt – Mission beendet_62fd29.txt,Mond_ US-Sonde »Athena« umgekippt – Mission beendet_62fd29.html
Raumsonde liefert neue Daten_ Es könnte mehr Eis auf dem Mond geben als gedacht,https://www.spiegel.de/wissenschaft/weltall/raumsonde-liefert-neue-daten-es-koennte-mehr-eis-auf-dem-mond-geben-als-gedacht-a-f46a1312-22b3-4818-be4b-5ee354f6a52c,0bf81b,0,2025-03-10T10:07:00+01:00,False,Raumsonde liefert neue Daten_ Es könnte mehr Eis auf dem Mond geben als gedacht_0bf81b.txt,Raumsonde liefert neue Daten_ Es könnte mehr Eis auf dem Mond geben als gedacht_0bf81b.html
+Ursprung der Coronapandemie_ Spionage hinter Labortüren,https://www.spiegel.de/wissenschaft/mensch/ursprung-der-corona-pandemie-spionage-hinter-labortueren-a-e00246e6-c582-4935-aeca-fa3ca77d92d1,4a94f6,0,2025-03-14T11:48:00+01:00,True,,+Ursprung der Coronapandemie_ Spionage hinter Labortüren_4a94f6.html
+Corona-Beginn vor fünf Jahren_ So blickt Intensivmediziner Christian Karagiannidis auf die Zeit zurück,https://www.spiegel.de/wissenschaft/medizin/corona-beginn-vor-fuenf-jahren-so-blickt-intensivmediziner-christian-karagiannidis-auf-die-zeit-zurueck-a-4970fad6-eae2-4d05-ae29-9625e5837af6,570beb,0,2025-03-22T19:15:00+01:00,True,,+Corona-Beginn vor fünf Jahren_ So blickt Intensivmediziner Christian Karagiannidis auf die Zeit zurück_570beb.html
+Primaten_ Warum spielen erwachsene Schimpansen wie kleine Kinder miteinander_,https://www.spiegel.de/wissenschaft/natur/primaten-warum-spielen-erwachsene-schimpansen-wie-kleine-kinder-miteinander-a-850ec6b9-cf89-47e9-ae13-d4fc1145371a,811b1e,0,2025-03-16T19:52:00+01:00,True,,+Primaten_ Warum spielen erwachsene Schimpansen wie kleine Kinder miteinander__811b1e.html
Saturn_ 128 neue Monde gefunden,https://www.spiegel.de/wissenschaft/weltall/saturn-128-neue-monde-gefunden-a-d3429706-df48-4be2-9cba-58899056c65b,a00e10,0,2025-03-12T18:25:00+01:00,False,Saturn_ 128 neue Monde gefunden_a00e10.txt,Saturn_ 128 neue Monde gefunden_a00e10.html
+Nordsee_ Wie gefährlich ist Kerosin im Meer_,https://www.spiegel.de/wissenschaft/natur/schiffsunglueck-in-der-nordsee-wie-gefaehrlich-ist-kerosin-im-meer-a-16e7bd1e-b28c-471c-9adb-8ba17bc46a85,28e86b,0,2025-03-11T20:47:00+01:00,True,,+Nordsee_ Wie gefährlich ist Kerosin im Meer__28e86b.html
Zoo Berlin_ Känguru-Babys hüpfen erstmals durch ihr Gehege,https://www.spiegel.de/wissenschaft/natur/zoo-berlin-kaenguru-babys-huepfen-erstmals-durch-ihr-gehege-a-9b31be82-5a59-4186-b305-423c9d474137,3c67a6,0,2025-03-06T18:22:00+01:00,False,Zoo Berlin_ Känguru-Babys hüpfen erstmals durch ihr Gehege_3c67a6.txt,Zoo Berlin_ Känguru-Babys hüpfen erstmals durch ihr Gehege_3c67a6.html
Baumhummer im Prager Zoo_ Dieser Hummer lebt auf Bäumen,https://www.spiegel.de/wissenschaft/natur/baumhummer-im-prager-zoo-dieser-hummer-lebt-auf-baeumen-a-054033f7-f82f-4dd8-ab94-ae2e2b0741ab,caee90,0,2025-03-30T16:53:00+02:00,False,Baumhummer im Prager Zoo_ Dieser Hummer lebt auf Bäumen_caee90.txt,Baumhummer im Prager Zoo_ Dieser Hummer lebt auf Bäumen_caee90.html
Energiemarkt_ Strom aus Sonne und Wind - die übersehene Revolution,https://www.spiegel.de/wissenschaft/mensch/energiemarkt-strom-aus-sonne-und-wind-die-uebersehene-revolution-a-483e4a52-b3ee-492d-9f76-41e573ebcb42,525f25,0,2025-04-06T13:22:00+02:00,False,Energiemarkt_ Strom aus Sonne und Wind - die übersehene Revolution_525f25.txt,Energiemarkt_ Strom aus Sonne und Wind - die übersehene Revolution_525f25.html
London_ Zoo rettet Darwins Frösche per Schiff und Flieger,https://www.spiegel.de/wissenschaft/natur/london-zoo-rettet-darwins-froesche-per-schiff-und-flieger-a-6be212ae-6ee4-4eee-9ca7-07940e47a58b,55dc13,0,2025-03-19T17:43:00+01:00,False,London_ Zoo rettet Darwins Frösche per Schiff und Flieger_55dc13.txt,London_ Zoo rettet Darwins Frösche per Schiff und Flieger_55dc13.html
Klimawandel_ Gletscher schmelzen laut Unesco-Bericht schneller denn je,https://www.spiegel.de/wissenschaft/klimawandel-gletscher-schmelzen-laut-unesco-bericht-schneller-denn-je-a-dc2c47fc-091e-4540-95ba-48d7f154fe90,c46078,0,2025-03-21T10:44:00+01:00,False,Klimawandel_ Gletscher schmelzen laut Unesco-Bericht schneller denn je_c46078.txt,Klimawandel_ Gletscher schmelzen laut Unesco-Bericht schneller denn je_c46078.html
+Klimamilliarden für die neue Bundesregierung_ Was kann man damit erreichen_,https://www.spiegel.de/wissenschaft/klimamilliarden-fuer-die-neue-bundesregierung-was-kann-man-damit-erreichen-a-f92e94d8-f4d6-49c1-9eef-afc7248eb77b,ecf6d9,0,2025-03-21T16:34:00+01:00,True,,+Klimamilliarden für die neue Bundesregierung_ Was kann man damit erreichen__ecf6d9.html
+F-35_ Könnten die USA den Luftwaffen-Kampfjet aus der Ferne stilllegen_,https://www.spiegel.de/wissenschaft/technik/f-35-koennten-die-usa-den-luftwaffen-kampfjet-aus-der-ferne-stilllegen-a-925ceef0-7793-46ca-a227-19a4a59bbe0c,75863e,0,2025-03-12T09:29:00+01:00,True,,+F-35_ Könnten die USA den Luftwaffen-Kampfjet aus der Ferne stilllegen__75863e.html
ISS_Nasa_ Gestrandete Astronauten würden wieder »Starliner« fliegen,https://www.spiegel.de/wissenschaft/weltall/iss-nasa-gestrandete-astronauten-wuerden-wieder-starliner-fliegen-a-e4e7fd91-5f38-49ed-b448-5cf2a2e2ae36,6d1132,0,2025-04-01T09:58:00+02:00,False,ISS_Nasa_ Gestrandete Astronauten würden wieder »Starliner« fliegen_6d1132.txt,ISS_Nasa_ Gestrandete Astronauten würden wieder »Starliner« fliegen_6d1132.html
+Donald Trump und die Zölle_ China setzt im Handelskrieg auf die Macht seiner seltenen Erden,https://www.spiegel.de/wissenschaft/donald-trump-und-die-zoelle-china-setzt-im-handelskrieg-auf-die-macht-seiner-seltenen-erden-a-e8e2efa0-1986-447a-bc3f-3872de39a806,4ec1f3,0,2025-04-05T20:16:00+02:00,True,,+Donald Trump und die Zölle_ China setzt im Handelskrieg auf die Macht seiner seltenen Erden_4ec1f3.html
China_ Schweineleber erstmals in hirntoten Menschen transplantiert,https://www.spiegel.de/wissenschaft/medizin/china-schweineleber-erstmals-in-hirntoten-menschen-transplantiert-a-d6ac5bf3-f28d-40e8-92f8-e790e73cb41d,ba4398,0,2025-03-27T16:38:00+01:00,False,China_ Schweineleber erstmals in hirntoten Menschen transplantiert_ba4398.txt,China_ Schweineleber erstmals in hirntoten Menschen transplantiert_ba4398.html
+Suni Williams und Butch Wilmore_ Willkommen in dieser verrückten Welt!,https://www.spiegel.de/wissenschaft/weltall/suni-williams-und-butch-wilmore-fiktiver-brief-an-zurueckgekehrte-raumfahrer-a-5e48b064-6ca1-4a4d-9738-c39154495973,d816a2,0,2025-03-19T10:01:00+01:00,True,,+Suni Williams und Butch Wilmore_ Willkommen in dieser verrückten Welt!_d816a2.html
Klon- und Gen-Forschung_ Von der Maus zum Mammut_ – Podcast,https://www.spiegel.de/wissenschaft/natur/klon-und-gen-forschung-von-der-maus-zum-mammut-podcast-a-3c0efc15-2671-49a7-b079-fbd45b091a4d,558696,0,2025-03-18T19:19:00+01:00,False,Klon- und Gen-Forschung_ Von der Maus zum Mammut_ – Podcast_558696.txt,Klon- und Gen-Forschung_ Von der Maus zum Mammut_ – Podcast_558696.html
+Klimakrise_ Die Wolken auf Erden schwinden - und dann kochen die Ozeane,https://www.spiegel.de/wissenschaft/klimakrise-die-wolken-auf-erden-schwinden-und-dann-kochen-die-ozeane-a-269d9a7a-4571-4e76-b1d9-80e9c56439a4,78255a,0,2025-04-05T16:51:00+02:00,True,,+Klimakrise_ Die Wolken auf Erden schwinden - und dann kochen die Ozeane_78255a.html
Nasa-Bilder_ So sieht der Sonnenuntergang auf dem Mond aus,https://www.spiegel.de/wissenschaft/weltall/mond-nasa-veroeffentlicht-hochaufloesende-bilder-vom-sonnenuntergang-a-bcdf05ca-ba62-4dba-8fc6-2724be2888a3,1fbe64,0,2025-03-19T14:13:00+01:00,False,Nasa-Bilder_ So sieht der Sonnenuntergang auf dem Mond aus_1fbe64.txt,Nasa-Bilder_ So sieht der Sonnenuntergang auf dem Mond aus_1fbe64.html
Gesundheit_ Ärzte verschreiben Museumsbesuch auf Rezept als Alternative zur traditionellen Medizin,https://www.spiegel.de/wissenschaft/mensch/gesundheit-aerzte-verschreiben-museumsbesuch-auf-rezept-als-alternative-zur-traditionellen-medizin-a-6235fdff-b5a5-4d59-8c41-70d820e73f1e,6da0ae,0,2025-03-31T16:54:00+02:00,False,Gesundheit_ Ärzte verschreiben Museumsbesuch auf Rezept als Alternative zur traditionellen Medizin_6da0ae.txt,Gesundheit_ Ärzte verschreiben Museumsbesuch auf Rezept als Alternative zur traditionellen Medizin_6da0ae.html
Uganda_ Schmuggel mit seltenen Leguanen aus Galapagos nimmt zu,https://www.spiegel.de/wissenschaft/natur/uganda-schmuggel-mit-seltenen-leguanen-aus-galapagos-nimmt-zu-a-28a282fa-2b57-49ba-aab7-68ac373de35e,2a42ca,0,2025-04-01T15:17:00+02:00,False,Uganda_ Schmuggel mit seltenen Leguanen aus Galapagos nimmt zu_2a42ca.txt,Uganda_ Schmuggel mit seltenen Leguanen aus Galapagos nimmt zu_2a42ca.html
"Fossil »Sue«_ Weicher Kern perfekt erhalten, harte Schale aufgelöst",https://www.spiegel.de/wissenschaft/natur/fossil-sue-weicher-kern-perfekt-erhalten-harte-schale-aufgeloest-a-b2c0f620-63ce-4d74-b869-c436fd221c99,b86d82,0,2025-03-28T16:37:00+01:00,False,"Fossil »Sue«_ Weicher Kern perfekt erhalten, harte Schale aufgelöst_b86d82.txt","Fossil »Sue«_ Weicher Kern perfekt erhalten, harte Schale aufgelöst_b86d82.html"
+Greenpeace-Urteil_ Auswirkungen auf Umweltproteste in den USA,https://www.spiegel.de/wissenschaft/greenpeace-urteil-auswirkungen-auf-umweltproteste-in-den-usa-a-b66322a7-d799-414e-a5b7-1da062a17be6,553d60,0,2025-03-20T17:52:00+01:00,True,,+Greenpeace-Urteil_ Auswirkungen auf Umweltproteste in den USA_553d60.html
+Schlafstörungen_ Hängen sie mit Verschwörungsglauben zusammen_,https://www.spiegel.de/wissenschaft/mensch/schlafstoerungen-haengen-sie-mit-verschwoerungsglauben-zusammen-a-6f829ea9-f687-41db-911e-075b8f13ddb0,e67ab9,0,2025-04-01T17:06:00+02:00,True,,+Schlafstörungen_ Hängen sie mit Verschwörungsglauben zusammen__e67ab9.html
"+Corona - fünf Jahre später_ Wie Forschende, Ärzte und Politiker die Pandemie erlebt haben",https://www.spiegel.de/wissenschaft/medizin/corona-fuenf-jahre-spaeter-wie-forschende-aerzte-und-politiker-die-pandemie-erlebt-haben-a-1478fb73-bfac-4f1f-b14b-7af2bf8603d6,49fdc4,0,2025-03-22T15:27:00+01:00,True,,"+Corona - fünf Jahre später_ Wie Forschende, Ärzte und Politiker die Pandemie erlebt haben_49fdc4.html"
ISS – Nasa_ Rückholaktion für gestrandete Astronauten nach Verzögerungen gestartet,https://www.spiegel.de/wissenschaft/weltall/iss-nasa-rueckholaktion-fuer-gestrandete-astronauten-nach-verzoegerungen-gestartet-a-97a72173-b8cb-4f7a-a19c-147cedab79d0,93c251,0,2025-03-15T11:48:00+01:00,False,ISS – Nasa_ Rückholaktion für gestrandete Astronauten nach Verzögerungen gestartet_93c251.txt,ISS – Nasa_ Rückholaktion für gestrandete Astronauten nach Verzögerungen gestartet_93c251.html
+Klimawandel_ Wo sind die 2600 Milliarden Tonnen Wasser hin_,https://www.spiegel.de/wissenschaft/klimawandel-wo-sind-die-2600-milliarden-tonnen-wasser-hin-a-00373276-5b2a-4d29-9424-07579003df19,1c7609,0,2025-03-27T19:37:00+01:00,True,,+Klimawandel_ Wo sind die 2600 Milliarden Tonnen Wasser hin__1c7609.html
Griechenland_ Müll an den tiefsten Stellen im Mittelmeer gefunden,https://www.spiegel.de/wissenschaft/natur/griechenland-muell-an-den-tiefsten-stellen-im-mittelmeer-gefunden-a-f89c5634-abb7-467c-aa80-dc96978a1200,30963b,0,2025-03-12T20:11:00+01:00,False,Griechenland_ Müll an den tiefsten Stellen im Mittelmeer gefunden_30963b.txt,Griechenland_ Müll an den tiefsten Stellen im Mittelmeer gefunden_30963b.html
Mars_ Staub ist laut Studie wohl gesundheitsschädlicher als gedacht,https://www.spiegel.de/wissenschaft/weltall/mars-staub-ist-laut-studie-wohl-gesundheitsschaedlicher-als-gedacht-a-fd68c85f-9bc9-4b26-b505-ecdd095e1838,fc3b08,0,2025-03-27T16:35:00+01:00,False,Mars_ Staub ist laut Studie wohl gesundheitsschädlicher als gedacht_fc3b08.txt,Mars_ Staub ist laut Studie wohl gesundheitsschädlicher als gedacht_fc3b08.html
+Corona-Beginn vor fünf Jahren_ So blickt Virologe Hendrik Streeck auf die Zeit zurück,https://www.spiegel.de/wissenschaft/medizin/corona-beginn-vor-fuenf-jahren-so-blickt-virologe-hendrik-streeck-auf-die-zeit-zurueck-a-41be6938-6d84-4ace-85b2-9ed83872a1a2,d49fd2,0,2025-03-22T19:13:00+01:00,True,,+Corona-Beginn vor fünf Jahren_ So blickt Virologe Hendrik Streeck auf die Zeit zurück_d49fd2.html
Mittelalter_ Frauen spielten relevante Rolle als Schreiberinnen,https://www.spiegel.de/wissenschaft/mensch/mittelalter-frauen-spielten-relevante-rolle-als-schreiberinnen-a-f5fff176-fcb3-4180-91b3-287c47c9ba12,8600e2,0,2025-03-27T18:07:00+01:00,False,Mittelalter_ Frauen spielten relevante Rolle als Schreiberinnen_8600e2.txt,Mittelalter_ Frauen spielten relevante Rolle als Schreiberinnen_8600e2.html
Beton-Superkondensatoren_ Wie die Hauswand zum Energiespeicher wird,https://www.spiegel.de/wissenschaft/technik/beton-superkondensatoren-wie-die-hauswand-zum-energiespeicher-wird-a-e8ea9f7b-b07e-4218-8c4e-807797da597b,caa2c9,0,2025-03-30T06:48:00+02:00,False,Beton-Superkondensatoren_ Wie die Hauswand zum Energiespeicher wird_caa2c9.txt,Beton-Superkondensatoren_ Wie die Hauswand zum Energiespeicher wird_caa2c9.html
Corona_ Lothar Wieler hält Labor-Ursprung von Sars-CoV-2 für die wahrscheinlichere These,https://www.spiegel.de/wissenschaft/corona-lothar-wieler-haelt-labor-ursprung-von-sars-cov-2-fuer-die-wahrscheinlichere-these-a-1e2bcf76-2bfa-4fb4-b3bb-a9a0ed6ac606,c75609,0,2025-03-15T11:38:00+01:00,False,Corona_ Lothar Wieler hält Labor-Ursprung von Sars-CoV-2 für die wahrscheinlichere These_c75609.txt,Corona_ Lothar Wieler hält Labor-Ursprung von Sars-CoV-2 für die wahrscheinlichere These_c75609.html
Australien_ Feuerameisenplage sorgt vermehrt für Krankenhausaufenthalte,https://www.spiegel.de/wissenschaft/natur/australien-feuerameisenplage-sorgt-vermehrt-fuer-krankenhausaufenthalte-a-120d1412-816e-4a24-8176-1b2c92f7526c,27966d,0,2025-03-25T17:06:00+01:00,False,Australien_ Feuerameisenplage sorgt vermehrt für Krankenhausaufenthalte_27966d.txt,Australien_ Feuerameisenplage sorgt vermehrt für Krankenhausaufenthalte_27966d.html
Fledermäuse können durch Echoortungsstrategie Kollisionen vermeiden,https://www.spiegel.de/wissenschaft/natur/fledermaeuse-koennen-durch-echoortungsstrategie-kollisionen-vermeiden-a-efc09498-41c8-4448-a397-c37e4cf86459,aea30b,0,2025-04-02T17:01:00+02:00,False,Fledermäuse können durch Echoortungsstrategie Kollisionen vermeiden_aea30b.txt,Fledermäuse können durch Echoortungsstrategie Kollisionen vermeiden_aea30b.html
Vogelgrippe in den USA_ Ein Jahr nach Kuh-Fall – wie gefährlich ist Erreger H5N1_,https://www.spiegel.de/wissenschaft/vogelgrippe-in-den-usa-ein-jahr-nach-kuh-fall-wie-gefaehrlich-ist-erreger-h5n1-a-7dee891b-6040-4356-8f48-767ad981715d,44a1d0,0,2025-03-24T17:15:00+01:00,False,Vogelgrippe in den USA_ Ein Jahr nach Kuh-Fall – wie gefährlich ist Erreger H5N1__44a1d0.txt,Vogelgrippe in den USA_ Ein Jahr nach Kuh-Fall – wie gefährlich ist Erreger H5N1__44a1d0.html
Isar Aerospace_ »Spectrum«-Rakete kurz nach erfolgreichem Start abgestürzt,https://www.spiegel.de/wissenschaft/weltall/isar-aerospace-spectrum-rakete-kurz-nach-erfolgreichem-start-abgestuerzt-a-7e18e3f0-b680-44ad-b061-bdc33bc3b86f,7b31a5,0,2025-03-30T13:22:00+02:00,False,Isar Aerospace_ »Spectrum«-Rakete kurz nach erfolgreichem Start abgestürzt_7b31a5.txt,Isar Aerospace_ »Spectrum«-Rakete kurz nach erfolgreichem Start abgestürzt_7b31a5.html
ExoMars-Mission_ Airbus baut Landeplattform für europäischen Mars-Rover,https://www.spiegel.de/wissenschaft/weltall/exomars-mission-airbus-baut-landeplattform-fuer-europaeischen-mars-rover-a-8b59f507-0a79-4268-a439-ab70fff76a34,d87fa7,0,2025-03-29T18:00:00+01:00,False,ExoMars-Mission_ Airbus baut Landeplattform für europäischen Mars-Rover_d87fa7.txt,ExoMars-Mission_ Airbus baut Landeplattform für europäischen Mars-Rover_d87fa7.html
"Wissenschaft_ Geheimnisse der Wolken, mysteriöser Sarg, Probleme mit E-Autos",https://www.spiegel.de/wissenschaft/mensch/wissenschaft-geheimnisse-der-wolken-mysterioeser-sarg-probleme-mit-e-autos-a-0e7ca68f-46ad-4f05-bd83-7c3c3ee2ee89,14fa79,0,2025-04-05T10:16:00+02:00,False,"Wissenschaft_ Geheimnisse der Wolken, mysteriöser Sarg, Probleme mit E-Autos_14fa79.txt","Wissenschaft_ Geheimnisse der Wolken, mysteriöser Sarg, Probleme mit E-Autos_14fa79.html"
Nato_ Rüstungsfirma schlägt Drohnenwall an der Ostflanke vor,https://www.spiegel.de/wissenschaft/technik/nato-ruestungsfirma-schlaegt-drohnenwall-an-der-ostflanke-vor-a-f7b67aac-b475-422d-a5b4-22f8c400fc73,033493,0,2025-03-23T16:31:00+01:00,False,Nato_ Rüstungsfirma schlägt Drohnenwall an der Ostflanke vor_033493.txt,Nato_ Rüstungsfirma schlägt Drohnenwall an der Ostflanke vor_033493.html
+Mysteriöse Funde_ Der Gusseisensarg im Hamburger Museum,https://www.spiegel.de/wissenschaft/mensch/mysterioese-funde-der-gusseisensarg-im-hamburger-museum-a-5db2e98f-a191-4a84-b67d-3cc24188c0b0,4c1ac8,0,2025-04-02T21:26:00+02:00,True,,+Mysteriöse Funde_ Der Gusseisensarg im Hamburger Museum_4c1ac8.html
Videokonferenzen_ Mangelhafte Mikrofone beeinflussen die Wahrnehmung,https://www.spiegel.de/wissenschaft/videokonferenzen-mangelhafte-mikrofone-beeinflussen-die-wahrnehmung-a-c7daf898-3fcd-4a73-9a36-78e0f9982b72,1a549a,0,2025-03-26T11:08:00+01:00,False,Videokonferenzen_ Mangelhafte Mikrofone beeinflussen die Wahrnehmung_1a549a.txt,Videokonferenzen_ Mangelhafte Mikrofone beeinflussen die Wahrnehmung_1a549a.html
+Coronapandemie begann vor 5 Jahren_ So blickt Stiko-Chef Thomas Mertens auf die Zeit zurück,https://www.spiegel.de/wissenschaft/medizin/coronapandemie-begann-vor-5-jahren-so-blickt-stiko-chef-thomas-mertens-auf-die-zeit-zurueck-a-6118ecaa-1d87-4cef-93a8-1b088e0372ca,6a3e74,0,2025-03-22T19:10:00+01:00,True,,+Coronapandemie begann vor 5 Jahren_ So blickt Stiko-Chef Thomas Mertens auf die Zeit zurück_6a3e74.html
Breakthrough Prize_ Das sind die Sieger der »Oscars der Wissenschaft«,https://www.spiegel.de/wissenschaft/breakthrough-prize-sieger-der-wissenschaftsauszeichnung-stehen-fest-a-850e6f5f-5615-4eaa-b17b-55e29ee6aa0e,accd44,0,2025-04-06T20:59:00+02:00,False,Breakthrough Prize_ Das sind die Sieger der »Oscars der Wissenschaft«_accd44.txt,Breakthrough Prize_ Das sind die Sieger der »Oscars der Wissenschaft«_accd44.html
+Stadtökologie_ Vögel brüten auf Plastikmüll in urbanen Nestern,https://www.spiegel.de/wissenschaft/mensch/stadtoekologie-voegel-brueten-auf-plastikmuell-in-urbanen-nestern-a-359d911b-1d52-441f-9f05-8aa82083857a,252977,0,2025-03-10T13:28:00+01:00,True,,+Stadtökologie_ Vögel brüten auf Plastikmüll in urbanen Nestern_252977.html
+USA unter Donald Trump_ Gleichschaltung der Unis erinnert an 1933,https://www.spiegel.de/wissenschaft/mensch/usa-unter-donald-trump-gleichschaltung-der-unis-erinnert-an-1933-a-182689a2-3bf0-40b6-9df9-98a5da6656ff,9fa269,0,2025-03-25T13:55:00+01:00,True,,+USA unter Donald Trump_ Gleichschaltung der Unis erinnert an 1933_9fa269.html
Deutschland_ Lithiumreserven könnten den heimischen Bedarf decken,https://www.spiegel.de/wissenschaft/natur/deutschland-lithiumreserven-koennten-den-heimischen-bedarf-decken-a-e3629788-f5c3-419d-9b99-e748e5aea8b0,fe8f58,0,2025-03-06T17:02:00+01:00,False,Deutschland_ Lithiumreserven könnten den heimischen Bedarf decken_fe8f58.txt,Deutschland_ Lithiumreserven könnten den heimischen Bedarf decken_fe8f58.html
+Malaysian Airlines Flug MH370_ Die letzte Suche nach dem größten Mysterium der Luftfahrt,https://www.spiegel.de/wissenschaft/technik/malaysian-airlines-flug-mh370-die-letzte-suche-nach-dem-groessten-mysterium-der-luftfahrt-a-83a45df4-de15-4f83-926f-65f6c098d314,bc0db8,0,2025-04-03T16:09:00+02:00,True,,+Malaysian Airlines Flug MH370_ Die letzte Suche nach dem größten Mysterium der Luftfahrt_bc0db8.html
Isar Aerospace_ Deutsches Start-up verschiebt Raketenstart wegen Wetterbedingungen,https://www.spiegel.de/wissenschaft/start-der-spectrum-rakete-von-isar-aerospace-verschoben-a-75e17cfd-fae9-4280-b7c2-7c90881b126e,a4b0b4,0,2025-03-24T14:40:00+01:00,False,Isar Aerospace_ Deutsches Start-up verschiebt Raketenstart wegen Wetterbedingungen_a4b0b4.txt,Isar Aerospace_ Deutsches Start-up verschiebt Raketenstart wegen Wetterbedingungen_a4b0b4.html
SpaceX_ Starship von Elon Musk explodiert über den Bahamas,https://www.spiegel.de/wissenschaft/weltall/spacex-starship-von-elon-musk-explodiert-ueber-den-bahamas-a-a77c7771-11d7-4753-b8b7-6b35eef0b677,ccac0b,0,2025-03-07T11:20:00+01:00,False,SpaceX_ Starship von Elon Musk explodiert über den Bahamas_ccac0b.txt,SpaceX_ Starship von Elon Musk explodiert über den Bahamas_ccac0b.html
+Schnee-Eule »Rusty« in den USA_ Spekulationen um rätselhafte Färbung,https://www.spiegel.de/wissenschaft/natur/schnee-eule-rusty-in-den-usa-spekulationen-um-raetselhafte-faerbung-a-884eb672-a53f-414a-a463-8fd50b902fc8,19699c,0,2025-03-24T16:26:00+01:00,True,,+Schnee-Eule »Rusty« in den USA_ Spekulationen um rätselhafte Färbung_19699c.html
Spanien_ Bisher ältestes Gesichtsfossil Europas entdeckt,https://www.spiegel.de/wissenschaft/mensch/bisher-aeltestes-gesichtsfossil-europas-entdeckt-a-6ac6dda2-8d8b-4925-ad27-6e23b4526854,481105,0,2025-03-13T12:10:00+01:00,False,Spanien_ Bisher ältestes Gesichtsfossil Europas entdeckt_481105.txt,Spanien_ Bisher ältestes Gesichtsfossil Europas entdeckt_481105.html
Rabea Rogge_ Erste deutsche Frau im All nach Raumflug zurück auf der Erde,https://www.spiegel.de/wissenschaft/rabea-rogge-erste-deutsche-frau-im-all-nach-raumflug-zurueck-auf-der-erde-a-92c41a70-78a7-422e-872c-4f0ff79def57,02a388,0,2025-04-05T11:26:00+02:00,False,Rabea Rogge_ Erste deutsche Frau im All nach Raumflug zurück auf der Erde_02a388.txt,Rabea Rogge_ Erste deutsche Frau im All nach Raumflug zurück auf der Erde_02a388.html
ISS_ Astronauten Butch Wilmore und Suni Williams nach neun Monaten zurück auf der Erde,https://www.spiegel.de/wissenschaft/weltall/iss-astronauten-butch-wilmore-und-suni-williams-nach-neun-monaten-zurueck-auf-der-erde-a-d69ae748-225d-498e-93dc-385db25660bd,3e89a9,0,2025-03-18T23:16:00+01:00,False,ISS_ Astronauten Butch Wilmore und Suni Williams nach neun Monaten zurück auf der Erde_3e89a9.txt,ISS_ Astronauten Butch Wilmore und Suni Williams nach neun Monaten zurück auf der Erde_3e89a9.html
Klimakrise_ Peruanischer Bauer verklagt deutschen Energiekonzern auf Entschädigung,https://www.spiegel.de/wissenschaft/mensch/klimakrise-peruanischer-bauer-verklagt-deutschen-energiekonzern-auf-entschaedigung-a-f43b59b2-3575-483a-9544-17bedb17d0a3,2b3317,0,2025-03-14T15:59:00+01:00,False,Klimakrise_ Peruanischer Bauer verklagt deutschen Energiekonzern auf Entschädigung_2b3317.txt,Klimakrise_ Peruanischer Bauer verklagt deutschen Energiekonzern auf Entschädigung_2b3317.html
Corona-Ursprung_ Christian Drosten kritisiert fehlende Transparenz bei BND-Bericht,https://www.spiegel.de/wissenschaft/mensch/corona-ursprung-virologe-christian-drosten-kritisiert-fehlende-transparenz-bei-bnd-bericht-a-43848d8f-473f-40a1-9761-1173d738c94a,8d3411,0,2025-03-13T17:23:00+01:00,False,Corona-Ursprung_ Christian Drosten kritisiert fehlende Transparenz bei BND-Bericht_8d3411.txt,Corona-Ursprung_ Christian Drosten kritisiert fehlende Transparenz bei BND-Bericht_8d3411.html
Australien_ Mann überlebt 100 Tage mit Herzimplantat aus Titan,https://www.spiegel.de/wissenschaft/mensch/herz-aus-titan-mann-ueberlebt-100-tage-a-3d9547f8-e2e0-4fbb-8894-045fc621e69a,40a4d3,0,2025-03-12T17:39:00+01:00,False,Australien_ Mann überlebt 100 Tage mit Herzimplantat aus Titan_40a4d3.txt,Australien_ Mann überlebt 100 Tage mit Herzimplantat aus Titan_40a4d3.html
Mongolei_ Dinosaurier Duonychus tsogtbaatari aus Fossilien rekonstruiert,https://www.spiegel.de/wissenschaft/natur/mongolei-dinosaurier-duonychus-tsogtbaatari-aus-fossilien-rekonstruiert-a-fa0e9cd7-ff5c-41b4-9e50-4bf602db6fdf,c88209,0,2025-03-27T15:12:00+01:00,False,Mongolei_ Dinosaurier Duonychus tsogtbaatari aus Fossilien rekonstruiert_c88209.txt,Mongolei_ Dinosaurier Duonychus tsogtbaatari aus Fossilien rekonstruiert_c88209.html
"+Antje Boetius über ihren Wechsel in die USA_ »Es gibt nur Verlierer, wenn Forschung ideologisiert wird«",https://www.spiegel.de/wissenschaft/antje-boetius-ueber-ihren-wechsel-in-die-usa-es-gibt-nur-verlierer-wenn-forschung-ideologisiert-wird-a-1192e0d6-7364-4d67-a509-e9f2213beca4,17b132,0,2025-03-28T13:00:00+01:00,True,,"+Antje Boetius über ihren Wechsel in die USA_ »Es gibt nur Verlierer, wenn Forschung ideologisiert wird«_17b132.html"
ISS - Nasa_ US-Raumkapsel hat an ISS angedockt,https://www.spiegel.de/wissenschaft/weltall/iss-nasa-us-raumkapsel-hat-an-iss-angedockt-a-52721b13-258a-46dc-8b47-10f6ac0c48d9,6ce1ae,0,2025-03-16T11:30:00+01:00,False,ISS - Nasa_ US-Raumkapsel hat an ISS angedockt_6ce1ae.txt,ISS - Nasa_ US-Raumkapsel hat an ISS angedockt_6ce1ae.html
+Gletscher_ Diese Eisriesen zerrinnen,https://www.spiegel.de/wissenschaft/gletscher-diese-eisriesen-zerrinnen-a-5c889858-7313-4254-9f4a-dc0d3ab8587a,565459,0,2025-03-27T14:54:00+01:00,True,,+Gletscher_ Diese Eisriesen zerrinnen_565459.html
LED-Masken_ Das wahre Gesicht des Skincare-Hypes – Podcast,https://www.spiegel.de/wissenschaft/led-masken-das-wahre-gesicht-des-skincare-hypes-podcast-a-14ee1779-d03a-44e0-86e0-3d89d3fbe0b1,d9d09d,0,2025-04-01T09:52:00+02:00,False,LED-Masken_ Das wahre Gesicht des Skincare-Hypes – Podcast_d9d09d.txt,LED-Masken_ Das wahre Gesicht des Skincare-Hypes – Podcast_d9d09d.html
"+Esa schaltet Gaia ab_ Die wichtige Raumsonde, die keiner kennt",https://www.spiegel.de/wissenschaft/weltall/esa-schaltet-gaia-ab-die-wichtige-raumsonde-die-keiner-kennt-a-b3e5a179-d789-4740-8870-7da53066a60b,2a3270,0,2025-03-24T08:33:00+01:00,True,,"+Esa schaltet Gaia ab_ Die wichtige Raumsonde, die keiner kennt_2a3270.html"
»Euclid«-Raumsonde_ Esa präsentiert neue Erkenntnisse zur Dunklen Energie,https://www.spiegel.de/wissenschaft/weltall/esa-und-euclid-schatzkiste-an-informationen-erste-daten-von-himmelsatlas-veroeffentlicht-a-8e01d211-db85-4b45-9a55-401ee7ac5c5f,62960d,0,2025-03-19T17:23:00+01:00,False,»Euclid«-Raumsonde_ Esa präsentiert neue Erkenntnisse zur Dunklen Energie_62960d.txt,»Euclid«-Raumsonde_ Esa präsentiert neue Erkenntnisse zur Dunklen Energie_62960d.html
+Neapel_ Was das Erdbeben mit dem nahen Supervulkan Campi Flegrei zu tun hat,https://www.spiegel.de/wissenschaft/natur/neapel-was-das-erdbeben-mit-dem-nahen-supervulkan-campi-flegrei-zu-tun-hat-a-40a55347-1ec9-4c48-b208-9da055d90b78,9db49b,0,2025-03-13T15:16:00+01:00,True,,+Neapel_ Was das Erdbeben mit dem nahen Supervulkan Campi Flegrei zu tun hat_9db49b.html
Australien - Great Barrier Reef und Ningaloo Reef_ Korallenriffe zeitgleich von Bleiche betroffen,https://www.spiegel.de/wissenschaft/australien-great-barrier-reef-und-ningaloo-reef-korallenriffe-zeitgleich-von-bleiche-betroffen-a-e2d814b2-1d36-45c4-9c9a-81c1c61a15ad,6a8f7d,0,2025-03-24T15:28:00+01:00,False,Australien - Great Barrier Reef und Ningaloo Reef_ Korallenriffe zeitgleich von Bleiche betroffen_6a8f7d.txt,Australien - Great Barrier Reef und Ningaloo Reef_ Korallenriffe zeitgleich von Bleiche betroffen_6a8f7d.html
Berlin_ Charité-Forscher weisen hohe Wirksamkeit von Mpox-Impfung nach,https://www.spiegel.de/wissenschaft/medizin/berlin-charite-forscher-weisen-hohe-wirksamkeit-von-mpox-impfung-nach-a-d4bbca8c-90c2-4b6a-bb2b-94bdbf7a393d,8ee8d5,0,2025-03-19T16:32:00+01:00,False,Berlin_ Charité-Forscher weisen hohe Wirksamkeit von Mpox-Impfung nach_8ee8d5.txt,Berlin_ Charité-Forscher weisen hohe Wirksamkeit von Mpox-Impfung nach_8ee8d5.html
Investitionspaket_ Was bringt das neue Klima-Geld_,https://www.spiegel.de/wissenschaft/natur/investitionspaket-was-bringt-das-neue-klima-geld-a-ccd7eae5-ca60-4e4a-aef0-93b59d0c581a,2bd066,0,2025-03-21T16:39:00+01:00,False,Investitionspaket_ Was bringt das neue Klima-Geld__2bd066.txt,Investitionspaket_ Was bringt das neue Klima-Geld__2bd066.html
+Corona-Beginn vor fünf Jahren_ So blickt Virologin Melanie Brinkmann auf die Zeit zurück,https://www.spiegel.de/wissenschaft/medizin/corona-beginn-vor-fuenf-jahren-so-blickt-virologin-melanie-brinkmann-auf-die-zeit-zurueck-a-a09b6b5b-8574-490d-b003-f0f863a84aa1,3de1b3,0,2025-03-22T19:14:00+01:00,True,,+Corona-Beginn vor fünf Jahren_ So blickt Virologin Melanie Brinkmann auf die Zeit zurück_3de1b3.html
Wetter in Griechenland_ Von 31 Grad zu Schnee,https://www.spiegel.de/wissenschaft/natur/wetter-in-griechenland-von-31-grad-zu-schnee-a-648c4489-03db-47a5-a2c1-d801e8395dff,8bcd0a,0,2025-03-16T20:07:00+01:00,False,Wetter in Griechenland_ Von 31 Grad zu Schnee_8bcd0a.txt,Wetter in Griechenland_ Von 31 Grad zu Schnee_8bcd0a.html
+Germanwings-Tragödie vor zehn Jahren_ »Das war wie an 9_11«,https://www.spiegel.de/wissenschaft/technik/germanwings-tragoedie-vor-zehn-jahren-das-war-wie-an-9-11-a-ee456cf7-0d4e-4807-ac79-6b025fc7dc58,7cb7f6,0,2025-03-06T13:00:00+01:00,True,,+Germanwings-Tragödie vor zehn Jahren_ »Das war wie an 9_11«_7cb7f6.html
+USA unter Donald Trump_ Harvard-Professor Steven Levitsky sieht Ende der Demokratie,https://www.spiegel.de/wissenschaft/usa-unter-donald-trump-harvard-professor-steven-levitsky-sieht-ende-der-demokratie-a-e5dc7d7f-5d18-4b21-9078-4175d6c5ad66,42013e,0,2025-03-21T13:00:00+01:00,True,,+USA unter Donald Trump_ Harvard-Professor Steven Levitsky sieht Ende der Demokratie_42013e.html
Kriminalfall der Urzeit_ Massengrab riesiger Amphibien in Wyoming entdeckt,https://www.spiegel.de/wissenschaft/natur/kriminalfall-der-urzeit-massengrab-riesiger-amphibien-in-wyoming-entdeckt-a-1ecbb873-4428-4dbc-81db-14efeecac5e1,4db63e,0,2025-04-03T12:36:00+02:00,False,Kriminalfall der Urzeit_ Massengrab riesiger Amphibien in Wyoming entdeckt_4db63e.txt,Kriminalfall der Urzeit_ Massengrab riesiger Amphibien in Wyoming entdeckt_4db63e.html
KI-Trainingsdaten_ Hat Metas Llama meine Bücher gelesen_ - Kolumne,https://www.spiegel.de/wissenschaft/mensch/ki-trainingsdaten-hat-metas-llama-meine-buecher-gelesen-kolumne-a-80365448-7759-45b2-8e7e-b479ca3853a9,ead6ed,0,2025-03-30T21:16:00+02:00,False,KI-Trainingsdaten_ Hat Metas Llama meine Bücher gelesen_ - Kolumne_ead6ed.txt,KI-Trainingsdaten_ Hat Metas Llama meine Bücher gelesen_ - Kolumne_ead6ed.html
+Island_ Forschende erwarten unruhige Zeiten auf Reykjanes-Halbinsel,https://www.spiegel.de/wissenschaft/natur/island-forschende-erwarten-unruhige-zeiten-auf-reykjanes-halbinsel-a-c43d20a0-f95a-4406-83a4-ff5b2b356e66,f743e2,0,2025-04-07T16:56:00+02:00,True,,+Island_ Forschende erwarten unruhige Zeiten auf Reykjanes-Halbinsel_f743e2.html
Klon- und Gen-Forschung_ Von der Maus zum Mammut_,https://www.spiegel.de/wissenschaft/natur/klon-und-gen-forschung-von-der-maus-zum-mammut-a-c8ccc39f-c8a1-4d88-bce7-c5be31bc5197,7775a0,0,2025-03-18T19:16:00+01:00,False,Klon- und Gen-Forschung_ Von der Maus zum Mammut__7775a0.txt,Klon- und Gen-Forschung_ Von der Maus zum Mammut__7775a0.html
"Blue Ghost, Athena & Co. auf dem Mond_ Das neue Weltraum-Wettrennen – Podcast",https://www.spiegel.de/wissenschaft/blue-ghost-athena-co-auf-dem-mond-das-neue-weltraum-wettrennen-podcast-a-f8952b72-77b2-4b2b-a333-4ab5f4b918eb,1c42af,0,2025-03-11T19:58:00+01:00,False,"Blue Ghost, Athena & Co. auf dem Mond_ Das neue Weltraum-Wettrennen – Podcast_1c42af.txt","Blue Ghost, Athena & Co. auf dem Mond_ Das neue Weltraum-Wettrennen – Podcast_1c42af.html"
Partielle Sonnenfinsternis_ Am Samstag sieht die Sonne etwas angeknabbert aus,https://www.spiegel.de/wissenschaft/natur/sonnenfinsternis-am-samstag-sieht-die-sonne-etwas-angeknabbert-aus-a-35e7933e-cd64-4a14-a50e-a3ce22207db6,1e291b,0,2025-03-29T10:05:00+01:00,False,Partielle Sonnenfinsternis_ Am Samstag sieht die Sonne etwas angeknabbert aus_1e291b.txt,Partielle Sonnenfinsternis_ Am Samstag sieht die Sonne etwas angeknabbert aus_1e291b.html
+Corona-Pandemie begann vor 5 Jahren_ So blickt Jens Spahn auf die Zeit zurück,https://www.spiegel.de/wissenschaft/medizin/corona-pandemie-begann-vor-5-jahren-so-blickt-jens-spahn-auf-die-zeit-zurueck-a-ad99995a-17b3-4b9a-a04f-fb1d6cdb2d2d,11fcb3,0,2025-03-22T15:28:00+01:00,True,,+Corona-Pandemie begann vor 5 Jahren_ So blickt Jens Spahn auf die Zeit zurück_11fcb3.html
"+Deutschland_ Klimaschutz im Sondervermögen vernachlässigt, Aufstockung nötig",https://www.spiegel.de/wissenschaft/deutschland-klimaschutz-im-sondervermoegen-vernachlaessigt-aufstockung-noetig-a-0c7d614b-1811-460d-b91d-1ddb25db70b2,8b1e71,0,2025-03-14T13:35:00+01:00,True,,"+Deutschland_ Klimaschutz im Sondervermögen vernachlässigt, Aufstockung nötig_8b1e71.html"
Erdbeben in Myanmar_ Wie lange kann ein Mensch unter Trümmern überleben_,https://www.spiegel.de/wissenschaft/medizin/erdbeben-in-myanmar-wie-lange-kann-ein-mensch-unter-truemmern-ueberleben-a-45ffe439-abca-45bc-9173-b01a01d12b68,d3f488,0,2025-04-02T14:26:00+02:00,False,Erdbeben in Myanmar_ Wie lange kann ein Mensch unter Trümmern überleben__d3f488.txt,Erdbeben in Myanmar_ Wie lange kann ein Mensch unter Trümmern überleben__d3f488.html
+Rauchen_ Val Kilmer und David Lynch sind tot - wir müssen über die unsichtbare Epidemie sprechen,https://www.spiegel.de/wissenschaft/rauchen-val-kilmer-und-david-lynch-sind-tot-wir-muessen-ueber-die-unsichtbare-epidemie-sprechen-a-7bb44866-0d26-4951-9417-a1dee2b94708,8fdf80,0,2025-04-04T10:33:00+02:00,True,,+Rauchen_ Val Kilmer und David Lynch sind tot - wir müssen über die unsichtbare Epidemie sprechen_8fdf80.html
"Berghain_ Forscher erklären, warum nicht jeder reinkommt",https://www.spiegel.de/wissenschaft/mensch/berghain-forscher-erklaeren-warum-nicht-jeder-reinkommt-a-4aa19e43-3e1a-4b02-b585-211caccc1aaf,37144c,0,2025-03-22T11:47:00+01:00,False,"Berghain_ Forscher erklären, warum nicht jeder reinkommt_37144c.txt","Berghain_ Forscher erklären, warum nicht jeder reinkommt_37144c.html"
+Funde in Bayern und anderen Regionen Europas_ Das Rätsel um die Täfelchen aus der Bronzezeit,https://www.spiegel.de/wissenschaft/funde-in-bayern-und-anderen-regionen-europas-das-raetsel-um-die-taefelchen-aus-der-bronzezeit-a-38b08ca2-503f-4117-8bb1-c1777990a7dc,ec1058,0,2025-03-06T14:36:00+01:00,True,,+Funde in Bayern und anderen Regionen Europas_ Das Rätsel um die Täfelchen aus der Bronzezeit_ec1058.html
"Blue Ghost, Athena & Co. auf dem Mond_ Das neue Weltraum-Wettrennen",https://www.spiegel.de/wissenschaft/blue-ghost-athena-co-auf-dem-mond-das-neue-weltraum-wettrennen-a-98b4ddba-1886-463d-96f5-f98a0338eacf,037c3d,0,2025-03-11T19:58:00+01:00,False,"Blue Ghost, Athena & Co. auf dem Mond_ Das neue Weltraum-Wettrennen_037c3d.txt","Blue Ghost, Athena & Co. auf dem Mond_ Das neue Weltraum-Wettrennen_037c3d.html"
Megalodon_ Urzeit-Hai war überraschend schlank,https://www.spiegel.de/wissenschaft/megalodon-urzeit-hai-war-ueberraschend-schlank-a-4c1ce246-58d0-4892-a426-8c886568cedf,1b495d,0,2025-03-10T18:19:00+01:00,False,Megalodon_ Urzeit-Hai war überraschend schlank_1b495d.txt,Megalodon_ Urzeit-Hai war überraschend schlank_1b495d.html
"Alena Buyx über selbstbestimmtes Sterben, die Gesichter der Corona-Pandemie - Lese-Empfehlungen",https://www.spiegel.de/wissenschaft/mensch/alena-buyx-ueber-selbstbestimmtes-sterben-die-gesichter-der-corona-pandemie-lese-empfehlungen-a-9511651a-7518-46e5-9b78-58bfeb55578f,6b3a38,0,2025-03-22T06:54:00+01:00,False,"Alena Buyx über selbstbestimmtes Sterben, die Gesichter der Corona-Pandemie - Lese-Empfehlungen_6b3a38.txt","Alena Buyx über selbstbestimmtes Sterben, die Gesichter der Corona-Pandemie - Lese-Empfehlungen_6b3a38.html"
+Waffen_ Kann Europa militärisch gegen Russland bestehen_,https://www.spiegel.de/wissenschaft/technik/waffen-kann-europa-militaerisch-gegen-russland-bestehen-a-1ce6ebaf-7382-4f36-abdc-4c47461143e4,772a4c,0,2025-03-29T09:21:00+01:00,True,,+Waffen_ Kann Europa militärisch gegen Russland bestehen__772a4c.html
